Workbook

Sheet Fuerzas por Columna
A1: FUERZAS DE DISENO POR COLUMNA (300) - envolvente con sismo/R=5. Muy(M2)=0 en el modelo -> flexo-compresion uniaxial (P+M3). Tipo por defecto por banda de Pu; confirmar con planos.
A2: Frame | B2: Pu [kN] | C2: Mux [kN.m] | D2: Vu [kN] | E2: Tipo
A3: 1061 | B3: 536.7 | C3: 44.3 | D3: 20.5 | E3: C4
A4: 1062 | B4: 418.6 | C4: 45.4 | D4: 29.6 | E4: C1
A5: 1063 | B5: 302.6 | C5: 39.5 | D5: 24.8 | E5: C1
A6: 1064 | B6: 194.7 | C6: 30 | D6: 17.9 | E6: C1
A7: 1065 | B7: 107 | C7: 20.4 | D7: 11.3 | E7: C1
A8: 1066 | B8: 970.6 | C8: 46.5 | D8: 22.4 | E8: C2
A9: 1067 | B9: 635.2 | C9: 52.2 | D9: 33.8 | E9: C4
A10: 1068 | B10: 437.6 | C10: 42.4 | D10: 27.1 | E10: C1
A11: 1069 | B11: 259.7 | C11: 29.2 | D11: 17.8 | E11: C1
A12: 1070 | B12: 116.2 | C12: 13.8 | D12: 7.6 | E12: C1
A13: 1071 | B13: 971.3 | C13: 46.5 | D13: 22.4 | E13: C2
A14: 1072 | B14: 635.8 | C14: 52.1 | D14: 33.8 | E14: C4
... A302: 1388 | B302: 295.5 | C302: 52.5 | D302: 24.6 | E302: C1

Sheet Diseno por Tipo
A1: DISENO DE COLUMNAS POR TIPO - flexo-compresion con esbeltez (NSR-10 C.21 / ACI 318)
A3: Parametro | C3: C1 | D3: C2 | E3: C3 | F3: C4
A4: b [m] (ancho) | C4: 0.35 | D4: 0.5 | E4: 0.55 | F4: 0.45
A5: h [m] (peralte, plano de M3) | C5: 0.3 | D5: 0.45 | E5: 0.5 | F5: 0.4
A6: N barras Nº6 | C6: 10 | D6: 8 | E6: 10 | F6: 8
A7: Ab Nº6 [mm2] | C7: 284 | D7: 284 | E7: 284 | F7: 284
A8: Ag [mm2] = b·h | C8: =C4*1000*C5*1000 -> 105000 | D8: =D4*1000*D5*1000 -> 225000 | E8: =E4*1000*E5*1000 -> 275000 | F8: =F4*1000*F5*1000 -> 180000
A9: Ast [mm2] = N·Ab | C9: =C6*C7 -> 2840 | D9: =D6*D7 -> 2272 | E9: =E6*E7 -> 2840 | F9: =F6*F7 -> 2272
A10: Cuantia rho = Ast/Ag | C10: =C9/C8 -> 0.027047619 | D10: =D9/D8 -> 0.010097778 | E10: =E9/E8 -> 0.010327273 | F10: =F9/F8 -> 0.012622222
A11: Cuantia OK (0.01–0.06)? | C11: =IF(AND(C10>=0.01,C10<=0.06),"CUMPLE","REVISAR") -> CUMPLE | D11: =IF(AND(D10>=0.01,D10<=0.06),"CUMPLE","REVISAR") -> CUMPLE | E11: =IF(AND(E10>=0.01,E10<=0.06),"CUMPLE","REVISAR") -> CUMPLE | F11: =IF(AND(F10>=0.01,F10<=0.06),"CUMPLE","REVISAR") -> CUMPLE
A12: Pu gobernante [kN] | C12: =MAXIFS('Fuerzas por Columna'!$B:$B,'Fuerzas por Columna'!$E:$E,C3) -> 491.6 | D12: =MAXIFS('Fuerzas por Columna'!$B:$B,'Fuerzas por Columna'!$E:$E,D3) -> 1490.5 | E12: =MAXIFS('Fuerzas por Columna'!$B:$B,'Fuerzas por Columna'!$E:$E,E3) -> 2591.5 | F12: =MAXIFS('Fuerzas por Columna'!$B:$B,'Fuerzas por Columna'!$E:$E,F3) -> 885.1
A13: Mux gobernante [kN.m] | C13: =MAXIFS('Fuerzas por Columna'!$C:$C,'Fuerzas por Columna'!$E:$E,C3) -> 87.1 | D13: =MAXIFS('Fuerzas por Columna'!$C:$C,'Fuerzas por Columna'!$E:$E,D3) -> 232.7 | E13: =MAXIFS('Fuerzas por Columna'!$C:$C,'Fuerzas por Columna'!$E:$E,E3) -> 234.3 | F13: =MAXIFS('Fuerzas por Columna'!$C:$C,'Fuerzas por Columna'!$E:$E,F3) -> 122.4
A14: phi·Pn,max [kN] = 0.65·0.8·(0.85f'c(Ag−Ast)+fy·Ast) | C14: =0.65*0.8*(0.85*28.0*(C8-C9)+420.0*C9)/1000 -> 1884.5882 | D14: =0.65*0.8*(0.85*28.0*(D8-D9)+420.0*D9)/1000 -> 3252.6865 | E14: =0.65*0.8*(0.85*28.0*(E8-E9)+420.0*E9)/1000 -> 3988.5082 | F14: =0.65*0.8*(0.85*28.0*(F8-F9)+420.0*F9)/1000 -> 2695.7665
A15: Pu ≤ phi·Pn,max ? | C15: =IF(C12<=C14,"CUMPLE","AUMENTAR SECCION") -> CUMPLE | D15: =IF(D12<=D14,"CUMPLE","AUMENTAR SECCION") -> CUMPLE | E15: =IF(E12<=E14,"CUMPLE","AUMENTAR SECCION") -> CUMPLE | F15: =IF(F12<=F14,"CUMPLE","AUMENTAR SECCION") -> CUMPLE
A16: Lu [m] (altura libre) | C16: 3.1 | D16: 3.1 | E16: 3.1 | F16: 3.1
A17: k (factor de longitud) | C17: 1 | D17: 1 | E17: 1 | F17: 1
A18: r = 0.3·h [m] | C18: =0.3*C5 -> 0.09 | D18: =0.3*D5 -> 0.135 | E18: =0.3*E5 -> 0.15 | F18: =0.3*F5 -> 0.12
A19: Esbeltez k·Lu/r | C19: =C17*C16/C18 -> 34.444444 | D19: =D17*D16/D18 -> 22.962963 | E19: =E17*E16/E18 -> 20.666667 | F19: =F17*F16/F18 -> 25.833333
A20: Columna corta (≤22)? | C20: =IF(C19<=22,"CORTA (sin magnificar)","ESBELTA (magnificar)") -> ESBELTA (magnificar) | D20: =IF(D19<=22,"CORTA (sin magnificar)","ESBELTA (magnificar)") -> ESBELTA (magnificar) | E20: =IF(E19<=22,"CORTA (sin magnificar)","ESBELTA (magnificar)") -> CORTA (sin magnificar) | F20: =IF(F19<=22,"CORTA (sin magnificar)","ESBELTA (magnificar)") -> ESBELTA (magnificar)
A21: MAGNIFICACION DE MOMENTOS (esbeltez)
A22: Ec = 4700√f'c [MPa] | C22: =4700*SQRT(28.0) -> 24870.062 | D22: =4700*SQRT(28.0) -> 24870.062 | E22: =4700*SQRT(28.0) -> 24870.062 | F22: =4700*SQRT(28.0) -> 24870.062
A23: Ig = b·h³/12 [mm⁴] | C23: =C4*1000*(C5*1000)^3/12 -> 787500000 | D23: =D4*1000*(D5*1000)^3/12 -> 3796875000 | E23: =E4*1000*(E5*1000)^3/12 -> 5729166667 | F23: =F4*1000*(F5*1000)^3/12 -> 2400000000
A24: EI = 0.4·Ec·Ig/(1+βdns) [N·mm²], βdns=0.6 | C24: =0.4*C22*C23/(1+0.6) -> 4896293520000 | D24: =0.4*D22*D23/(1+0.6) -> 23607129470000 | E24: =0.4*E22*E23/(1+0.6) -> 35621183020000 | F24: =0.4*F22*F23/(1+0.6) -> 14922037390000
A25: Pc = π²·EI/(k·Lu)² [kN] | C25: =PI()^2*C24/((C17*C16*1000)^2)/1000 -> 5028.5619 | D25: =PI()^2*D24/((D17*D16*1000)^2)/1000 -> 24244.852 | E25: =PI()^2*E24/((E17*E16*1000)^2)/1000 -> 36583.453 | F25: =PI()^2*F24/((F17*F16*1000)^2)/1000 -> 15325.141
A26: δns = Cm/(1−Pu/0.75Pc) ≥ 1 (Cm=1) | C26: =MAX(1/(1-C12/(0.75*C25)),1) -> 1.1498862 | D26: =MAX(1/(1-D12/(0.75*D25)),1) -> 1.0892882 | E26: =MAX(1/(1-E12/(0.75*E25)),1) -> 1.1043021 | F26: =MAX(1/(1-F12/(0.75*F25)),1) -> 1.0834311
A27: Mc = δns·Mux [kN.m] | C27: =C26*C13 -> 100.15509 | D27: =D26*D13 -> 253.47736 | E27: =E26*E13 -> 258.73799 | F27: =F26*F13 -> 132.61196
A28: VERIFICACION FLEXO-COMPRESION (diagrama P-M)
A29: Mcap @ Pu [kN.m] (leido del diagrama) | C29: 113.4 | D29: 275.7 | E29: 341.8 | F29: 219.9
A30: Mc ≤ Mcap ? | C30: =IF(C27<=C29,"CUMPLE","REVISAR") -> CUMPLE | D30: =IF(D27<=D29,"CUMPLE","REVISAR") -> CUMPLE | E30: =IF(E27<=E29,"CUMPLE","REVISAR") -> CUMPLE | F30: =IF(F27<=F29,"CUMPLE","REVISAR") -> CUMPLE
A31: CONFINAMIENTO (DMO C.21)
A32: Lo confinamiento [mm] = max(h; Lu/6; 450) | C32: =MAX(C5*1000,C16*1000/6,450) -> 516.66667 | D32: =MAX(D5*1000,D16*1000/6,450) -> 516.66667 | E32: =MAX(E5*1000,E16*1000/6,450) -> 516.66667 | F32: =MAX(F5*1000,F16*1000/6,450) -> 516.66667
A33: s en Lo [mm] = min(6·db_long;150) | C33: =MIN(6*19.1,150) -> 114.6 | D33: =MIN(6*19.1,150) -> 114.6 | E33: =MIN(6*19.1,150) -> 114.6 | F33: =MIN(6*19.1,150) -> 114.6
A34: s resto [mm] = min(16db_long;48db_estr;menor lado) | C34: =MIN(16*19.1,48*9.5,MIN(C4,C5)*1000) -> 300 | D34: =MIN(16*19.1,48*9.5,MIN(D4,D5)*1000) -> 305.6 | E34: =MIN(16*19.1,48*9.5,MIN(E4,E5)*1000) -> 305.6 | F34: =MIN(16*19.1,48*9.5,MIN(F4,F5)*1000) -> 305.6
A36: Muy(M2)=0 en el modelo -> diseno uniaxial (P+M3). El diagrama P-M de cada tipo esta en la hoja 'Interaccion'. Mc es el momento magnificado por esbeltez; se verifica Mc ≤ Mcap. Refuerzo: estribos Nº3.

Sheet Interaccion
A1: DIAGRAMAS DE INTERACCION P-M (phi·Pn vs phi·Mn) POR TIPO
A2: C1 (0.35x0.3) 10#6 | E2: C2 (0.5x0.45) 8#6 | I2: C3 (0.55x0.5) 10#6 | M2: C4 (0.45x0.4) 8#6
A3: phi·Mn [kN.m] | B3: phi·Pn [kN] | E3: phi·Mn [kN.m] | F3: phi·Pn [kN] | I3: phi·Mn [kN.m] | J3: phi·Pn [kN] | M3: phi·Mn [kN.m] | N3: phi·Pn [kN]
A4: 21.4 | B4: -920.6 | E4: 73.3 | F4: -503.6 | I4: 119.5 | J4: -535.7 | M4: 48.9 | N4: -596.6
A5: 34.2 | B5: -807.5 | E5: 145.6 | F5: -88.2 | I5: 218.7 | J5: -33.6 | M5: 101.1 | N5: -249.4
A6: 65.9 | B6: -479.5 | E6: 191.6 | F6: 183.2 | I6: 281.1 | J6: 293.3 | M6: 141 | N6: 23.2
A7: 87.5 | B7: -252.1 | E7: 229.7 | F7: 422.5 | I7: 333.1 | J7: 584.1 | M7: 168.6 | N7: 220.9
A8: 105.2 | B8: -60.1 | E8: 268.2 | F8: 687.7 | I8: 385.6 | J8: 906.9 | M8: 198.4 | N8: 452.7
A9: 120.1 | B9: 126.3 | E9: 299.4 | F9: 943 | I9: 428.1 | J9: 1215.8 | M9: 222.3 | N9: 672.1
A10: 115.1 | B10: 446 | E10: 297.6 | F10: 1320.4 | I10: 427 | J10: 1657.7 | M10: 218.6 | N10: 1008
A11: 106.8 | B11: 672.8 | E11: 273.7 | F11: 1506.1 | I11: 389 | J11: 1857.4 | M11: 202.7 | N11: 1187.4
A12: 100 | B12: 986.7 | E12: 256.8 | F12: 1873.9 | I12: 361.4 | J12: 2282.2 | M12: 189.8 | N12: 1527.9
A13: 85.8 | B13: 1361.7 | E13: 226.1 | F13: 2450.8 | I13: 316.5 | J13: 2991.8 | M13: 166 | N13: 2014.3
A14: 66.1 | B14: 1672.5 | E14: 175.3 | F14: 2983.4 | I14: 245.4 | J14: 3645.6 | M14: 128.6 | N14: 2456.9
A15: 32.1 | B15: 1884.6 | E15: 74.6 | F15: 3252.7 | I15: 107.1 | J15: 3988.5 | M15: 56.1 | N15: 2695.8
... A18: 0 | B18: 1884.6 | E18: 0 | F18: 3252.7 | I18: 0 | J18: 3988.5 | M18: 0 | N18: 2695.8
A20: Demanda (Mc, Pu): | E20: Demanda (Mc, Pu): | I20: Demanda (Mc, Pu): | M20: Demanda (Mc, Pu):
A21: 100.2 | B21: 491.6 | E21: 253.5 | F21: 1490.5 | I21: 258.7 | J21: 2591.5 | M21: 132.6 | N21: 885.1
