Workbook

Sheet Portada y criterio
A1: VERIFICACIÓN SECCIONAL DE VIGAS — ENVOLVENTES DE FLEXIÓN Y CORTANTE
A3: Alcance | B3: 592 vigas de los 12 grupos SAP; diseño individual y resumen por grupo. No incluye viguetas.
A4: Fuente | B4: resultados sap.xlsx, SAP2000 v26, unidades kN, m, C; ENVFLEX y ENVCORT con máximos y mínimos.
A5: Flexión y cortante | B5: Mu se toma de ENVFLEX. Vu diseño = máx(Vu ENVCORT; Ve DMO), sin volver a dividir las fuerzas por R.
A6: Verificación DMO | B6: Ve = Vu_ENVFLEX + (Mpr−+Mpr+)/Ln, con Ln conservadora = máx(L estación−0.60 m; 0.50L).
A7: Torsión | B7: Tu = máx(|T| ENVFLEX; |T| ENVCORT), sin reducción automática a φTcr. Los 100 casos que exceden esa referencia requieren demostrar compatibilidad y reanalizar la redistribución antes de cualquier reducción.
A8: Acero de torsión | B8: Al se provee con barras Nº5 dedicadas, adicionales al acero requerido por flexión y distribuidas alrededor del perímetro; no se acredita doblemente As superior/inferior.
A9: Agrupación | B9: Cada grupo conserva color propio. El resumen usa el frame de mayor utilización real y evita combinar máximos incompatibles de vigas diferentes.
A10: Secciones SAP | B10: VC1–VC7 y VRAUX: 0.45×0.55 m. VR1, VR N1, VR2 y VR3: 0.50×0.55 m.
A11: Resultado | B11: 536 de 592 vigas cumplen con torsión bruta; 56 quedan NO CUMPLE y requieren rediseño/reanálisis SAP. El expediente completo es NO EMITIR PARA CONSTRUCCIÓN.
A12: RESULTADOS DE CONTROL
A13: Frames exportados/diseñados | B13: 592
A14: Vigas diseñadas | B14: 592
A15: Frames que exceden referencia φTcr | B15: 100
A16: Grupos | B16: 12
A17: Grupos que cumplen | B17: 6
A18: Vigas que cumplen | B18: 536
A19: Grupos con observación | B19: 6
A20: Vigas con observación | B20: 56

Sheet Parametros
A1: PARÁMETROS GENERALES
A2: f'c | B2: 28 | C2: MPa | D2: Concreto del proyecto
A3: fy | B3: 420 | C3: MPa | D3: Acero longitudinal
A4: fyt | B4: 420 | C4: MPa | D4: Acero transversal
A5: φ flexión | B5: 0.9 | C5: — | D5: Secciones controladas por tracción
A6: φ cortante/torsión | B6: 0.75 | C6: — | D6: NSR-10 Título C
A7: Recubrimiento | B7: 40 | C7: mm | D7: Vigas interiores
A8: Área barra longitudinal | B8: 199 | C8: mm² | D8: Nº5
A9: db estribo para d | B9: 12.7 | C9: mm | D9: Nº4, conservador; el estribo adoptado se calcula por fila
A10: Separación libre vertical | B10: 25 | C10: mm | D10: Entre capas
A11: Área rama de referencia | B11: 129 | C11: mm² | D11: Nº4; cada fila muestra el área realmente adoptada
A12: db longitudinal | B12: 15.9 | C12: mm | D12: Barra Nº5
A13: R₀ del sistema DMO | B13: 5 | C13: — | D13: Valor básico adoptado
... A17: R = R₀·φa·φp·φr | B17: 5 | C17: — | D17: Coeficiente usado para reducir Ex y Ey en ENVFLEX

Sheet Justificacion DMO
A1: JUSTIFICACIÓN DEL CORTANTE ADOPTADO — SISTEMA DMO, R = 5
A3: Decisión de diseño | B3: Se adopta directamente ENVCORT y, adicionalmente, se verifica el cortante por capacidad DMO. No se reduce ni se descarta ningún valor de la envolvente de cortante.
A4: Reducción sísmica | B4: R = R₀·φa·φp·φr = 5·1·1·1 = 5, incorporado por el equipo en las combinaciones suministradas.
A5: Flexión y torsión | B5: Mu− y Mu+ se obtienen de ENVFLEX. Tu de diseño es el mayor |T| de ENVFLEX y ENVCORT, sin recorte a φTcr porque no se aportó clasificación ni reanálisis de redistribución.
A6: Cortante directo | B6: Vu,ENVCORT = máximo |V2| de ENV CORTANTE y se considera íntegramente como demanda.
A7: Cortante por capacidad | B7: Ve,DMO = Vg + (Mpr− + Mpr+)/Ln. Se adopta provisionalmente Ln = máx(L estación−0.60 m; 0.50L), hipótesis conservadora hasta confirmar las caras de apoyo en SAP. |V2| de ENVFLEX aproxima Vg.
A8: Demanda adoptada | B8: Vu,diseño = máx(Vu,ENVCORT; Ve,DMO). Por tanto, el diseño nunca queda por debajo del cortante directo suministrado.
A9: Cortante y torsión | B9: El estribo se diseña con máx(Av/s por resistencia; Av/s mínimo) + 2At/s; se verifican interacción V-T y límites de separación. Al se provee con barras dedicadas adicionales a flexión, distribuidas en el perímetro.
A10: Secciones SAP | B10: VC1–VC7 y VRAUX usan 450×550 mm; VR1, VR N1, VR2 y VR3 usan 500×550 mm. Son las secciones efectivamente reanalizadas en resultados sap.xlsx.
A11: Resultado | B11: 536/592 vigas cumplen con torsión bruta y 56 quedan NO CUMPLE. Todo el expediente se marca NO EMITIR PARA CONSTRUCCIÓN hasta rediseño y reanálisis SAP.
A14: Grupo | B14: N | C14: Vu ENVFLEX | D14: Ve DMO conserv. | E14: Vu ENVCORT | F14: Vu adoptado | G14: φVn provisto | H14: φVn máx. sección | I14: ENVCORT directo | J14: Chequeo DMO | K14: Sección adoptada | L14: Conclusión
A15: VC1 | B15: 20 | C15: 26.942 | D15: 151.60627 | E15: 74.045 | F15: 151.60627 | G15: 284.38004 | H15: 725.35478 | I15: CUMPLE DIRECTO | J15: CUMPLE | K15: 450×550 mm | L15: CUMPLE
A16: VC2 | B16: 40 | C16: 84.474 | D16: 209.13827 | E16: 359.244 | F16: 359.244 | G16: 367.4529 | H16: 725.35478 | I16: CUMPLE DIRECTO | J16: CUMPLE | K16: 450×550 mm | L16: CUMPLE
A17: VC3 | B17: 40 | C17: 90.89 | D17: 233.76348 | E17: 396.275 | F17: 396.275 | G17: 422.17446 | H17: 725.35478 | I17: CUMPLE DIRECTO | J17: CUMPLE | K17: 450×550 mm | L17: CUMPLE
A18: VC4 | B18: 20 | C18: 118.968 | D18: 282.44166 | E18: 506.77 | F18: 506.77 | G18: 547.77298 | H18: 725.35478 | I18: CUMPLE DIRECTO | J18: NO CUMPLE | K18: 450×550 mm | L18: 4 FRAMES NO CUMPLEN
A19: VC5 | B19: 40 | C19: 140.953 | D19: 287.84715 | E19: 491.129 | F19: 491.129 | G19: 506.11242 | H19: 725.35478 | I19: CUMPLE DIRECTO | J19: NO CUMPLE | K19: 450×550 mm | L19: 16 FRAMES NO CUMPLEN
A20: VC6 | B20: 40 | C20: 98.239 | D20: 245.44198 | E20: 424.48 | F20: 424.48 | G20: 437.76146 | H20: 725.35478 | I20: CUMPLE DIRECTO | J20: NO CUMPLE | K20: 450×550 mm | L20: 8 FRAMES NO CUMPLEN
A21: VC7 | B21: 40 | C21: 163.07 | D21: 444.44021 | E21: 754.708 | F21: 754.708 | G21: 761.40281 | H21: 725.35478 | I21: EXCEDE DIRECTO | J21: NO CUMPLE | K21: 450×550 mm | L21: 4 FRAMES NO CUMPLEN
A22: VR1 | B22: 80 | C22: 136.996 | D22: 294.17181 | E22: 405.204 | F22: 405.204 | G22: 408.281 | H22: 805.94976 | I22: CUMPLE DIRECTO | J22: CUMPLE | K22: 500×550 mm | L22: CUMPLE
A23: VR N1 | B23: 22 | C23: 164.744 | D23: 408.90284 | E23: 634.574 | F23: 634.574 | G23: 662.19248 | H23: 805.94976 | I23: CUMPLE DIRECTO | J23: CUMPLE | K23: 500×550 mm | L23: CUMPLE
A24: VR2 | B24: 140 | C24: 52.863 | D24: 595.43821 | E24: 101.022 | F24: 595.43821 | G24: 614.05891 | H24: 805.94976 | I24: CUMPLE DIRECTO | J24: NO CUMPLE | K24: 500×550 mm | L24: 16 FRAMES NO CUMPLEN
A25: VR3 | B25: 70 | C25: 72.314 | D25: 614.88921 | E25: 72.314 | F25: 614.88921 | G25: 616.03874 | H25: 805.94976 | I25: CUMPLE DIRECTO | J25: NO CUMPLE | K25: 500×550 mm | L25: 8 FRAMES NO CUMPLEN
A26: VRAUX | B26: 40 | C26: 43.256 | D26: 249.93623 | E26: 169.702 | F26: 249.93623 | G26: 271.17984 | H26: 725.35478 | I26: CUMPLE DIRECTO | J26: CUMPLE | K26: 450×550 mm | L26: CUMPLE

Sheet Vigas de Carga (7)
A1: DISEÑO DE VIGAS — VIGAS DE CARGA (7)
A2: Flexión: ENVFLEX. Cortante: ENVCORT directo. Torsión: máximo de ambas envolventes. Verificación DMO: Ve. Vu adoptado = máx(ENVCORT; Ve).
A3: Grupo | B3: Frame | C3: N vigas | D3: Ln adopt. mín (m) | E3: Ln adopt. máx (m) | F3: b modelo (mm) | G3: h modelo (mm) | H3: b adopt. (mm) | I3: h adopt. (mm) | J3: Mu− ENVFLEX (kN·m) | K3: Frame Mu− | L3: Mu+ ENVFLEX (kN·m) | M3: Frame Mu+ | N3: Vu ENVFLEX (kN) | O3: Vu ENVCORT (kN) | P3: Frame Vu | Q3: Tu diseño compat. (kN·m) | R3: As req. sup (mm²) | S3: Nº5 sup | T3: Capas sup | U3: d sup (mm) | V3: As prov. sup (mm²) | W3: φMn− (kN·m) | X3: Flexión − | Y3: As req. inf (mm²) | Z3: Nº5 inf | AA3: Capas inf | AB3: d inf (mm) | AC3: As prov. inf (mm²) | AD3: φMn+ (kN·m) | AE3: Flexión + | AF3: Mpr− (kN·m) | AG3: Mpr+ (kN·m) | AH3: Vcap (kN) | AI3: Vu diseño (kN) | AJ3: Vc (kN) | AK3: Vs req. (kN) | AL3: Vs máx. (kN) | AM3: Sección cortante | AN3: Estribo | AO3: Ramas | AP3: s extremo DMO (mm; zona 2h) | AQ3: s centro (mm) | AR3: φVn (kN) | AS3: Cortante | AT3: φTth (kN·m) | AU3: Torsión | AV3: At/s (mm²/mm) | AW3: Al adicional req. (mm²) | AX3: Nº5 torsión dedicadas | AY3: Chequeo torsión | AZ3: ESTADO | BA3: db estribo (mm) | BB3: Área rama (mm²) | BC3: Av/s req. cortante incl. mín. | BD3: 2At/s req. torsión | BE3: Av/s prov. extremo | BF3: Interacción V-T | BG3: Límite V-T | BH3: Chequeo V-T | BI3: Al provisto (mm²) | BJ3: Chequeo Al
A4: VC1 | B4: 154 | C4: 20 | D4: 3.15 | E4: 3.15 | F4: 450 | G4: 550 | H4: 450 | I4: 550 | J4: 33.4292 | K4: 154 | L4: 21.6211 | M4: 153 | N4: 26.942 | O4: 74.045 | P4: 154 | Q4: 13.2234 | R4: =MAX(MAX(1.4/'Parametros'!$B$3,0.25*SQRT('Parametros'!$B$2)/'Parametros'!$B$3)*H4*U4,(0.85*'Parametros'!$B$2/'Parametros'!$B$3)*(1-SQRT(1-2*(J4*1000000/('Parametros'!$B$5*H4*U4^2))/(0.85*'Parametros'!$B$2)))*H4*U4) -> 734.025 | S4: 4 | T4: 1 | U4: =IF(T4=1,I4-('Parametros'!$B$7+'Parametros'!$B$9+'Parametros'!$B$12/2),I4-(ROUNDUP(S4/2,0)*('Parametros'!$B$7+'Parametros'!$B$9+'Parametros'!$B$12/2)+ROUNDDOWN(S4/2,0)*('Parametros'!$B$7+'Parametros'!$B$9+'Parametros'!$B$12/2+'Parametros'!$B$12+'Parametros'!$B$10))/S4) -> 489.35 | V4: =S4*'Parametros'!$B$8 -> 796 | W4: ='Parametros'!$B$5*V4*'Parametros'!$B$3*(U4-(V4*'Parametros'!$B$3/(0.85*'Parametros'!$B$2*H4))/2)/1000000 -> 142.54333 | X4: =IF(W4>=J4,"CUMPLE","NO CUMPLE") -> CUMPLE | Y4: =MAX(MAX(1.4/'Parametros'!$B$3,0.25*SQRT('Parametros'!$B$2)/'Parametros'!$B$3)*H4*AB4,(0.85*'Parametros'!$B$2/'Parametros'!$B$3)*(1-SQRT(1-2*(L4*1000000/('Parametros'!$B$5*H4*AB4^2))/(0.85*'Parametros'!$B$2)))*H4*AB4) -> 734.025 | Z4: 4 | AA4: 1 | AB4: =IF(AA4=1,I4-('Parametros'!$B$7+'Parametros'!$B$9+'Parametros'!$B$12/2),I4-(ROUNDUP(Z4/2,0)*('Parametros'!$B$7+'Parametros'!$B$9+'Parametros'!$B$12/2)+ROUNDDOWN(Z4/2,0)*('Parametros'!$B$7+'Parametros'!$B$9+'Parametros'!$B$12/2+'Parametros'!$B$12+'Parametros'!$B$10))/Z4) -> 489.35 | AC4: =Z4*'Parametros'!$B$8 -> 796 | AD4: ='Parametros'!$B$5*AC4*'Parametros'!$B$3*(AB4-(AC4*'Parametros'!$B$3/(0.85*'Parametros'!$B$2*H4))/2)/1000000 -> 142.54333 | AE4: =IF(AD4>=L4,"CUMPLE","NO CUMPLE") -> CUMPLE | AF4: =V4*1.25*'Parametros'!$B$3*(U4-(V4*1.25*'Parametros'!$B$3/(0.85*'Parametros'!$B$2*H4))/2)/1000000 -> 196.34622 | AG4: =AC4*1.25*'Parametros'!$B$3*(AB4-(AC4*1.25*'Parametros'!$B$3/(0.85*'Parametros'!$B$2*H4))/2)/1000000 -> 196.34622 | AH4: =N4+(AF4+AG4)/D4 -> 151.60627 | AI4: =MAX(O4,AH4) -> 151.60627 | AJ4: =0.17*SQRT('Parametros'!$B$2)*H4*MIN(U4,AB4)/1000 -> 198.08886 | AK4: =MAX(AI4/'Parametros'!$B$6-AJ4,0) -> 4.0528313 | AL4: =0.66*SQRT('Parametros'!$B$2)*H4*MIN(U4,AB4)/1000 -> 769.05085 | AM4: =IF(AK4<=AL4,"CUMPLE","NO CUMPLE") -> CUMPLE | AN4: Nº3 cerrado | AO4: 2 | AP4: =ROUNDDOWN(MIN(IF(BC4+BD4=0,1000000000,AO4*BB4/(BC4+BD4)),MIN(U4,AB4)/4,8*'Parametros'!$B$12,24*BA4,300,IF(AV4=0,1000000000,2*((H4-2*('Parametros'!$B$7+'Parametros'!$B$9/2))+(I4-2*('Parametros'!$B$7+'Parametros'!$B$9/2)))/8))/10,0)*10 -> 120 | AQ4: =ROUNDDOWN(MIN(IF(BC4+BD4=0,1000000000,AO4*BB4/(BC4+BD4)),IF(AK4>0.33*SQRT('Parametros'!$B$2)*H4*MIN(U4,AB4)/1000,MIN(U4,AB4)/4,MIN(U4,AB4)/2),600,IF(AV4=0,1000000000,2*((H4-2*('Parametros'!$B$7+'Parametros'!$B$9/2))+(I4-2*('Parametros'!$B$7+'Parametros'!$B$9/2)))/8))/10,0)*10 -> 200 | AR4: ='Parametros'!$B$6*(AJ4+MAX(BE4-BD4,0)*'Parametros'!$B$4*MIN(U4,AB4)/1000) -> 284.38004 | AS4: =IF(AND(ISERROR(SEARCH("referencia",AN4)),AM4="CUMPLE",AR4>=AI4),"CUMPLE","NO CUMPLE") -> CUMPLE | AT4: ='Parametros'!$B$6*0.083*SQRT('Parametros'!$B$2)*(H4*I4)^2/(2*(H4+I4))/1000000 -> 10.088783 | AU4: =IF(Q4<=AT4,"DESPRECIABLE","DISEÑAR") -> DISEÑAR | AV4: =IF(Q4<=AT4,0,Q4*1000000/('Parametros'!$B$6*2*0.85*(H4-2*('Parametros'!$B$7+'Parametros'!$B$9/2))*(I4-2*('Parametros'!$B$7+'Parametros'!$B$9/2))*'Parametros'!$B$4)) -> 0.15112957 | AW4: =AV4*2*((H4-2*('Parametros'!$B$7+'Parametros'!$B$9/2))+(I4-2*('Parametros'!$B$7+'Parametros'!$B$9/2)))*'Parametros'!$B$4/'Parametros'!$B$3 -> 246.22029 | AX4: 8 | AY4: =IF(AV4=0,"DESPRECIABLE",IF(AND(ISERROR(SEARCH("referencia",AN4)),BB4/AP4>=AV4,BI4>=AW4,BH4="CUMPLE"),"CUMPLE","NO CUMPLE")) -> CUMPLE | AZ4: =IF(AND(X4="CUMPLE",AE4="CUMPLE",AS4="CUMPLE",OR(AY4="CUMPLE",AY4="DESPRECIABLE"),BH4="CUMPLE",BJ4="CUMPLE",COUNTIF('Todas las Vigas (592)'!$A$4:$A$595,A4)=COUNTIFS('Todas las Vigas (592)'!$A$4:$A$595,A4,'Todas las Vigas (592)'!$AZ$4:$AZ$595,"CUMPLE")),"CUMPLE","NO CUMPLE") -> CUMPLE | BA4: 9.5 | BB4: 71 | BC4: =MAX(IF(AK4=0,0,AK4*1000/('Parametros'!$B$4*MIN(U4,AB4))),MAX(0.062*SQRT('Parametros'!$B$2)*H4/'Parametros'!$B$4,0.35*H4/'Parametros'!$B$4)) -> 0.375 | BD4: =2*AV4 -> 0.30225914 | BE4: =AO4*BB4/AP4 -> 1.1833333 | BF4: =SQRT((AI4*1000/(H4*MIN(U4,AB4)))^2+(Q4*1000000*2*((H4-2*('Parametros'!$B$7+'Parametros'!$B$9/2))+(I4-2*('Parametros'!$B$7+'Parametros'!$B$9/2)))/(1.7*((H4-2*('Parametros'!$B$7+'Parametros'!$B$9/2))*(I4-2*('Parametros'!$B$7+'Parametros'!$B$9/2)))^2))^2) -> 0.83624835 | BG4: ='Parametros'!$B$6*(AJ4*1000/(H4*MIN(U4,AB4))+0.66*SQRT('Parametros'!$B$2)) -> 3.2939604 | BH4: =IF(BF4<=BG4,"CUMPLE","NO CUMPLE") -> CUMPLE | BI4: =AX4*'Parametros'!$B$8 -> 1592 | BJ4: =IF(BI4>=AW4,"CUMPLE","NO CUMPLE") -> CUMPLE
A5: VC2 | B5: 96 | C5: 40 | D5: 3.15 | E5: 3.4 | F5: 450 | G5: 550 | H5: 450 | I5: 550 | J5: 140.3658 | K5: 56 | L5: 127.2041 | M5: 55 | N5: 84.474 | O5: 359.244 | P5: 56 | Q5: 5.4386 | R5: =MAX(MAX(1.4/'Parametros'!$B$3,0.25*SQRT('Parametros'!$B$2)/'Parametros'!$B$3)*H5*U5,(0.85*'Parametros'!$B$2/'Parametros'!$B$3)*(1-SQRT(1-2*(J5*1000000/('Parametros'!$B$5*H5*U5^2))/(0.85*'Parametros'!$B$2)))*H5*U5) -> 783.43258 | S5: 4 | T5: 1 | U5: =IF(T5=1,I5-('Parametros'!$B$7+'Parametros'!$B$9+'Parametros'!$B$12/2),I5-(ROUNDUP(S5/2,0)*('Parametros'!$B$7+'Parametros'!$B$9+'Parametros'!$B$12/2)+ROUNDDOWN(S5/2,0)*('Parametros'!$B$7+'Parametros'!$B$9+'Parametros'!$B$12/2+'Parametros'!$B$12+'Parametros'!$B$10))/S5) -> 489.35 | V5: =S5*'Parametros'!$B$8 -> 796 | W5: ='Parametros'!$B$5*V5*'Parametros'!$B$3*(U5-(V5*'Parametros'!$B$3/(0.85*'Parametros'!$B$2*H5))/2)/1000000 -> 142.54333 | X5: =IF(W5>=J5,"CUMPLE","NO CUMPLE") -> CUMPLE | Y5: =MAX(MAX(1.4/'Parametros'!$B$3,0.25*SQRT('Parametros'!$B$2)/'Parametros'!$B$3)*H5*AB5,(0.85*'Parametros'!$B$2/'Parametros'!$B$3)*(1-SQRT(1-2*(L5*1000000/('Parametros'!$B$5*H5*AB5^2))/(0.85*'Parametros'!$B$2)))*H5*AB5) -> 734.025 | Z5: 4 | AA5: 1 | AB5: =IF(AA5=1,I5-('Parametros'!$B$7+'Parametros'!$B$9+'Parametros'!$B$12/2),I5-(ROUNDUP(Z5/2,0)*('Parametros'!$B$7+'Parametros'!$B$9+'Parametros'!$B$12/2)+ROUNDDOWN(Z5/2,0)*('Parametros'!$B$7+'Parametros'!$B$9+'Parametros'!$B$12/2+'Parametros'!$B$12+'Parametros'!$B$10))/Z5) -> 489.35 | AC5: =Z5*'Parametros'!$B$8 -> 796 | AD5: ='Parametros'!$B$5*AC5*'Parametros'!$B$3*(AB5-(AC5*'Parametros'!$B$3/(0.85*'Parametros'!$B$2*H5))/2)/1000000 -> 142.54333 | AE5: =IF(AD5>=L5,"CUMPLE","NO CUMPLE") -> CUMPLE | AF5: =V5*1.25*'Parametros'!$B$3*(U5-(V5*1.25*'Parametros'!$B$3/(0.85*'Parametros'!$B$2*H5))/2)/1000000 -> 196.34622 | AG5: =AC5*1.25*'Parametros'!$B$3*(AB5-(AC5*1.25*'Parametros'!$B$3/(0.85*'Parametros'!$B$2*H5))/2)/1000000 -> 196.34622 | AH5: =N5+(AF5+AG5)/D5 -> 209.13827 | AI5: =MAX(O5,AH5) -> 359.244 | AJ5: =0.17*SQRT('Parametros'!$B$2)*H5*MIN(U5,AB5)/1000 -> 198.08886 | AK5: =MAX(AI5/'Parametros'!$B$6-AJ5,0) -> 280.90314 | AL5: =0.66*SQRT('Parametros'!$B$2)*H5*MIN(U5,AB5)/1000 -> 769.05085 | AM5: =IF(AK5<=AL5,"CUMPLE","NO CUMPLE") -> CUMPLE | AN5: Nº3 cerrado | AO5: 2 | AP5: =ROUNDDOWN(MIN(IF(BC5+BD5=0,1000000000,AO5*BB5/(BC5+BD5)),MIN(U5,AB5)/4,8*'Parametros'!$B$12,24*BA5,300,IF(AV5=0,1000000000,2*((H5-2*('Parametros'!$B$7+'Parametros'!$B$9/2))+(I5-2*('Parametros'!$B$7+'Parametros'!$B$9/2)))/8))/10,0)*10 -> 100 | AQ5: =ROUNDDOWN(MIN(IF(BC5+BD5=0,1000000000,AO5*BB5/(BC5+BD5)),IF(AK5>0.33*SQRT('Parametros'!$B$2)*H5*MIN(U5,AB5)/1000,MIN(U5,AB5)/4,MIN(U5,AB5)/2),600,IF(AV5=0,1000000000,2*((H5-2*('Parametros'!$B$7+'Parametros'!$B$9/2))+(I5-2*('Parametros'!$B$7+'Parametros'!$B$9/2)))/8))/10,0)*10 -> 100 | AR5: ='Parametros'!$B$6*(AJ5+MAX(BE5-BD5,0)*'Parametros'!$B$4*MIN(U5,AB5)/1000) -> 367.4529 | AS5: =IF(AND(ISERROR(SEARCH("referencia",AN5)),AM5="CUMPLE",AR5>=AI5),"CUMPLE","NO CUMPLE") -> CUMPLE | AT5: ='Parametros'!$B$6*0.083*SQRT('Parametros'!$B$2)*(H5*I5)^2/(2*(H5+I5))/1000000 -> 10.088783 | AU5: =IF(Q5<=AT5,"DESPRECIABLE","DISEÑAR") -> DESPRECIABLE | AV5: =IF(Q5<=AT5,0,Q5*1000000/('Parametros'!$B$6*2*0.85*(H5-2*('Parametros'!$B$7+'Parametros'!$B$9/2))*(I5-2*('Parametros'!$B$7+'Parametros'!$B$9/2))*'Parametros'!$B$4)) -> 0 | AW5: =AV5*2*((H5-2*('Parametros'!$B$7+'Parametros'!$B$9/2))+(I5-2*('Parametros'!$B$7+'Parametros'!$B$9/2)))*'Parametros'!$B$4/'Parametros'!$B$3 -> 0 | AX5: 0 | AY5: =IF(AV5=0,"DESPRECIABLE",IF(AND(ISERROR(SEARCH("referencia",AN5)),BB5/AP5>=AV5,BI5>=AW5,BH5="CUMPLE"),"CUMPLE","NO CUMPLE")) -> DESPRECIABLE | AZ5: =IF(AND(X5="CUMPLE",AE5="CUMPLE",AS5="CUMPLE",OR(AY5="CUMPLE",AY5="DESPRECIABLE"),BH5="CUMPLE",BJ5="CUMPLE",COUNTIF('Todas las Vigas (592)'!$A$4:$A$595,A5)=COUNTIFS('Todas las Vigas (592)'!$A$4:$A$595,A5,'Todas las Vigas (592)'!$AZ$4:$AZ$595,"CUMPLE")),"CUMPLE","NO CUMPLE") -> CUMPLE | BA5: 9.5 | BB5: 71 | BC5: =MAX(IF(AK5=0,0,AK5*1000/('Parametros'!$B$4*MIN(U5,AB5))),MAX(0.062*SQRT('Parametros'!$B$2)*H5/'Parametros'!$B$4,0.35*H5/'Parametros'!$B$4)) -> 1.3667457 | BD5: =2*AV5 -> 0 | BE5: =AO5*BB5/AP5 -> 1.42 | BF5: =SQRT((AI5*1000/(H5*MIN(U5,AB5)))^2+(Q5*1000000*2*((H5-2*('Parametros'!$B$7+'Parametros'!$B$9/2))+(I5-2*('Parametros'!$B$7+'Parametros'!$B$9/2)))/(1.7*((H5-2*('Parametros'!$B$7+'Parametros'!$B$9/2))*(I5-2*('Parametros'!$B$7+'Parametros'!$B$9/2)))^2))^2) -> 1.6430286 | BG5: ='Parametros'!$B$6*(AJ5*1000/(H5*MIN(U5,AB5))+0.66*SQRT('Parametros'!$B$2)) -> 3.2939604 | BH5: =IF(BF5<=BG5,"CUMPLE","NO CUMPLE") -> CUMPLE | BI5: =AX5*'Parametros'!$B$8 -> 0 | BJ5: =IF(BI5>=AW5,"CUMPLE","NO CUMPLE") -> CUMPLE
A6: VC3 | B6: 60 | C6: 40 | D6: 3.4 | E6: 3.4 | F6: 450 | G6: 550 | H6: 450 | I6: 550 | J6: 174.4236 | K6: 60 | L6: 154.8853 | M6: 57 | N6: 90.89 | O6: 396.275 | P6: 58 | Q6: 2.7885 | R6: =MAX(MAX(1.4/'Parametros'!$B$3,0.25*SQRT('Parametros'!$B$2)/'Parametros'!$B$3)*H6*U6,(0.85*'Parametros'!$B$2/'Parametros'!$B$3)*(1-SQRT(1-2*(J6*1000000/('Parametros'!$B$5*H6*U6^2))/(0.85*'Parametros'!$B$2)))*H6*U6) -> 981.56684 | S6: 5 | T6: 1 | U6: =IF(T6=1,I6-('Parametros'!$B$7+'Parametros'!$B$9+'Parametros'!$B$12/2),I6-(ROUNDUP(S6/2,0)*('Parametros'!$B$7+'Parametros'!$B$9+'Parametros'!$B$12/2)+ROUNDDOWN(S6/2,0)*('Parametros'!$B$7+'Parametros'!$B$9+'Parametros'!$B$12/2+'Parametros'!$B$12+'Parametros'!$B$10))/S6) -> 489.35 | V6: =S6*'Parametros'!$B$8 -> 995 | W6: ='Parametros'!$B$5*V6*'Parametros'!$B$3*(U6-(V6*'Parametros'!$B$3/(0.85*'Parametros'!$B$2*H6))/2)/1000000 -> 176.7116 | X6: =IF(W6>=J6,"CUMPLE","NO CUMPLE") -> CUMPLE | Y6: =MAX(MAX(1.4/'Parametros'!$B$3,0.25*SQRT('Parametros'!$B$2)/'Parametros'!$B$3)*H6*AB6,(0.85*'Parametros'!$B$2/'Parametros'!$B$3)*(1-SQRT(1-2*(L6*1000000/('Parametros'!$B$5*H6*AB6^2))/(0.85*'Parametros'!$B$2)))*H6*AB6) -> 867.48759 | Z6: 5 | AA6: 1 | AB6: =IF(AA6=1,I6-('Parametros'!$B$7+'Parametros'!$B$9+'Parametros'!$B$12/2),I6-(ROUNDUP(Z6/2,0)*('Parametros'!$B$7+'Parametros'!$B$9+'Parametros'!$B$12/2)+ROUNDDOWN(Z6/2,0)*('Parametros'!$B$7+'Parametros'!$B$9+'Parametros'!$B$12/2+'Parametros'!$B$12+'Parametros'!$B$10))/Z6) -> 489.35 | AC6: =Z6*'Parametros'!$B$8 -> 995 | AD6: ='Parametros'!$B$5*AC6*'Parametros'!$B$3*(AB6-(AC6*'Parametros'!$B$3/(0.85*'Parametros'!$B$2*H6))/2)/1000000 -> 176.7116 | AE6: =IF(AD6>=L6,"CUMPLE","NO CUMPLE") -> CUMPLE | AF6: =V6*1.25*'Parametros'!$B$3*(U6-(V6*1.25*'Parametros'!$B$3/(0.85*'Parametros'!$B$2*H6))/2)/1000000 -> 242.88491 | AG6: =AC6*1.25*'Parametros'!$B$3*(AB6-(AC6*1.25*'Parametros'!$B$3/(0.85*'Parametros'!$B$2*H6))/2)/1000000 -> 242.88491 | AH6: =N6+(AF6+AG6)/D6 -> 233.76348 | AI6: =MAX(O6,AH6) -> 396.275 | AJ6: =0.17*SQRT('Parametros'!$B$2)*H6*MIN(U6,AB6)/1000 -> 198.08886 | AK6: =MAX(AI6/'Parametros'!$B$6-AJ6,0) -> 330.27781 | AL6: =0.66*SQRT('Parametros'!$B$2)*H6*MIN(U6,AB6)/1000 -> 769.05085 | AM6: =IF(AK6<=AL6,"CUMPLE","NO CUMPLE") -> CUMPLE | AN6: Nº3 cerrado | AO6: 2 | AP6: =ROUNDDOWN(MIN(IF(BC6+BD6=0,1000000000,AO6*BB6/(BC6+BD6)),MIN(U6,AB6)/4,8*'Parametros'!$B$12,24*BA6,300,IF(AV6=0,1000000000,2*((H6-2*('Parametros'!$B$7+'Parametros'!$B$9/2))+(I6-2*('Parametros'!$B$7+'Parametros'!$B$9/2)))/8))/10,0)*10 -> 80 | AQ6: =ROUNDDOWN(MIN(IF(BC6+BD6=0,1000000000,AO6*BB6/(BC6+BD6)),IF(AK6>0.33*SQRT('Parametros'!$B$2)*H6*MIN(U6,AB6)/1000,MIN(U6,AB6)/4,MIN(U6,AB6)/2),600,IF(AV6=0,1000000000,2*((H6-2*('Parametros'!$B$7+'Parametros'!$B$9/2))+(I6-2*('Parametros'!$B$7+'Parametros'!$B$9/2)))/8))/10,0)*10 -> 80 | AR6: ='Parametros'!$B$6*(AJ6+MAX(BE6-BD6,0)*'Parametros'!$B$4*MIN(U6,AB6)/1000) -> 422.17446 | AS6: =IF(AND(ISERROR(SEARCH("referencia",AN6)),AM6="CUMPLE",AR6>=AI6),"CUMPLE","NO CUMPLE") -> CUMPLE | AT6: ='Parametros'!$B$6*0.083*SQRT('Parametros'!$B$2)*(H6*I6)^2/(2*(H6+I6))/1000000 -> 10.088783 | AU6: =IF(Q6<=AT6,"DESPRECIABLE","DISEÑAR") -> DESPRECIABLE | AV6: =IF(Q6<=AT6,0,Q6*1000000/('Parametros'!$B$6*2*0.85*(H6-2*('Parametros'!$B$7+'Parametros'!$B$9/2))*(I6-2*('Parametros'!$B$7+'Parametros'!$B$9/2))*'Parametros'!$B$4)) -> 0 | AW6: =AV6*2*((H6-2*('Parametros'!$B$7+'Parametros'!$B$9/2))+(I6-2*('Parametros'!$B$7+'Parametros'!$B$9/2)))*'Parametros'!$B$4/'Parametros'!$B$3 -> 0 | AX6: 0 | AY6: =IF(AV6=0,"DESPRECIABLE",IF(AND(ISERROR(SEARCH("referencia",AN6)),BB6/AP6>=AV6,BI6>=AW6,BH6="CUMPLE"),"CUMPLE","NO CUMPLE")) -> DESPRECIABLE | AZ6: =IF(AND(X6="CUMPLE",AE6="CUMPLE",AS6="CUMPLE",OR(AY6="CUMPLE",AY6="DESPRECIABLE"),BH6="CUMPLE",BJ6="CUMPLE",COUNTIF('Todas las Vigas (592)'!$A$4:$A$595,A6)=COUNTIFS('Todas las Vigas (592)'!$A$4:$A$595,A6,'Todas las Vigas (592)'!$AZ$4:$AZ$595,"CUMPLE")),"CUMPLE","NO CUMPLE") -> CUMPLE | BA6: 9.5 | BB6: 71 | BC6: =MAX(IF(AK6=0,0,AK6*1000/('Parametros'!$B$4*MIN(U6,AB6))),MAX(0.062*SQRT('Parametros'!$B$2)*H6/'Parametros'!$B$4,0.35*H6/'Parametros'!$B$4)) -> 1.6069802 | BD6: =2*AV6 -> 0 | BE6: =AO6*BB6/AP6 -> 1.775 | BF6: =SQRT((AI6*1000/(H6*MIN(U6,AB6)))^2+(Q6*1000000*2*((H6-2*('Parametros'!$B$7+'Parametros'!$B$9/2))+(I6-2*('Parametros'!$B$7+'Parametros'!$B$9/2)))/(1.7*((H6-2*('Parametros'!$B$7+'Parametros'!$B$9/2))*(I6-2*('Parametros'!$B$7+'Parametros'!$B$9/2)))^2))^2) -> 1.8023345 | BG6: ='Parametros'!$B$6*(AJ6*1000/(H6*MIN(U6,AB6))+0.66*SQRT('Parametros'!$B$2)) -> 3.2939604 | BH6: =IF(BF6<=BG6,"CUMPLE","NO CUMPLE") -> CUMPLE | BI6: =AX6*'Parametros'!$B$8 -> 0 | BJ6: =IF(BI6>=AW6,"CUMPLE","NO CUMPLE") -> CUMPLE
A7: VC4 | B7: 88 | C7: 20 | D7: 3.25 | E7: 3.25 | F7: 450 | G7: 550 | H7: 450 | I7: 550 | J7: 204.9592 | K7: 61 | L7: 173.5868 | M7: 62 | N7: 118.968 | O7: 506.77 | P7: 61 | Q7: 74.8185 | R7: =MAX(MAX(1.4/'Parametros'!$B$3,0.25*SQRT('Parametros'!$B$2)/'Parametros'!$B$3)*H7*U7,(0.85*'Parametros'!$B$2/'Parametros'!$B$3)*(1-SQRT(1-2*(J7*1000000/('Parametros'!$B$5*H7*U7^2))/(0.85*'Parametros'!$B$2)))*H7*U7) -> 1162.1595 | S7: 6 | T7: 1 | U7: =IF(T7=1,I7-('Parametros'!$B$7+'Parametros'!$B$9+'Parametros'!$B$12/2),I7-(ROUNDUP(S7/2,0)*('Parametros'!$B$7+'Parametros'!$B$9+'Parametros'!$B$12/2)+ROUNDDOWN(S7/2,0)*('Parametros'!$B$7+'Parametros'!$B$9+'Parametros'!$B$12/2+'Parametros'!$B$12+'Parametros'!$B$10))/S7) -> 489.35 | V7: =S7*'Parametros'!$B$8 -> 1194 | W7: ='Parametros'!$B$5*V7*'Parametros'!$B$3*(U7-(V7*'Parametros'!$B$3/(0.85*'Parametros'!$B$2*H7))/2)/1000000 -> 210.29284 | X7: =IF(W7>=J7,"CUMPLE","NO CUMPLE") -> CUMPLE | Y7: =MAX(MAX(1.4/'Parametros'!$B$3,0.25*SQRT('Parametros'!$B$2)/'Parametros'!$B$3)*H7*AB7,(0.85*'Parametros'!$B$2/'Parametros'!$B$3)*(1-SQRT(1-2*(L7*1000000/('Parametros'!$B$5*H7*AB7^2))/(0.85*'Parametros'!$B$2)))*H7*AB7) -> 976.65778 | Z7: 5 | AA7: 1 | AB7: =IF(AA7=1,I7-('Parametros'!$B$7+'Parametros'!$B$9+'Parametros'!$B$12/2),I7-(ROUNDUP(Z7/2,0)*('Parametros'!$B$7+'Parametros'!$B$9+'Parametros'!$B$12/2)+ROUNDDOWN(Z7/2,0)*('Parametros'!$B$7+'Parametros'!$B$9+'Parametros'!$B$12/2+'Parametros'!$B$12+'Parametros'!$B$10))/Z7) -> 489.35 | AC7: =Z7*'Parametros'!$B$8 -> 995 | AD7: ='Parametros'!$B$5*AC7*'Parametros'!$B$3*(AB7-(AC7*'Parametros'!$B$3/(0.85*'Parametros'!$B$2*H7))/2)/1000000 -> 176.7116 | AE7: =IF(AD7>=L7,"CUMPLE","NO CUMPLE") -> CUMPLE | AF7: =V7*1.25*'Parametros'!$B$3*(U7-(V7*1.25*'Parametros'!$B$3/(0.85*'Parametros'!$B$2*H7))/2)/1000000 -> 288.40447 | AG7: =AC7*1.25*'Parametros'!$B$3*(AB7-(AC7*1.25*'Parametros'!$B$3/(0.85*'Parametros'!$B$2*H7))/2)/1000000 -> 242.88491 | AH7: =N7+(AF7+AG7)/D7 -> 282.44166 | AI7: =MAX(O7,AH7) -> 506.77 | AJ7: =0.17*SQRT('Parametros'!$B$2)*H7*MIN(U7,AB7)/1000 -> 198.08886 | AK7: =MAX(AI7/'Parametros'!$B$6-AJ7,0) -> 477.60448 | AL7: =0.66*SQRT('Parametros'!$B$2)*H7*MIN(U7,AB7)/1000 -> 769.05085 | AM7: =IF(AK7<=AL7,"CUMPLE","NO CUMPLE") -> CUMPLE | AN7: Nº4 cerrado | AO7: 4 | AP7: =ROUNDDOWN(MIN(IF(BC7+BD7=0,1000000000,AO7*BB7/(BC7+BD7)),MIN(U7,AB7)/4,8*'Parametros'!$B$12,24*BA7,300,IF(AV7=0,1000000000,2*((H7-2*('Parametros'!$B$7+'Parametros'!$B$9/2))+(I7-2*('Parametros'!$B$7+'Parametros'!$B$9/2)))/8))/10,0)*10 -> 120 | AQ7: =ROUNDDOWN(MIN(IF(BC7+BD7=0,1000000000,AO7*BB7/(BC7+BD7)),IF(AK7>0.33*SQRT('Parametros'!$B$2)*H7*MIN(U7,AB7)/1000,MIN(U7,AB7)/4,MIN(U7,AB7)/2),600,IF(AV7=0,1000000000,2*((H7-2*('Parametros'!$B$7+'Parametros'!$B$9/2))+(I7-2*('Parametros'!$B$7+'Parametros'!$B$9/2)))/8))/10,0)*10 -> 120 | AR7: ='Parametros'!$B$6*(AJ7+MAX(BE7-BD7,0)*'Parametros'!$B$4*MIN(U7,AB7)/1000) -> 547.77298 | AS7: =IF(AND(ISERROR(SEARCH("referencia",AN7)),AM7="CUMPLE",AR7>=AI7),"CUMPLE","NO CUMPLE") -> CUMPLE | AT7: ='Parametros'!$B$6*0.083*SQRT('Parametros'!$B$2)*(H7*I7)^2/(2*(H7+I7))/1000000 -> 10.088783 | AU7: =IF(Q7<=AT7,"DESPRECIABLE","DISEÑAR") -> DISEÑAR | AV7: =IF(Q7<=AT7,0,Q7*1000000/('Parametros'!$B$6*2*0.85*(H7-2*('Parametros'!$B$7+'Parametros'!$B$9/2))*(I7-2*('Parametros'!$B$7+'Parametros'!$B$9/2))*'Parametros'!$B$4)) -> 0.85509685 | AW7: =AV7*2*((H7-2*('Parametros'!$B$7+'Parametros'!$B$9/2))+(I7-2*('Parametros'!$B$7+'Parametros'!$B$9/2)))*'Parametros'!$B$4/'Parametros'!$B$3 -> 1393.1238 | AX7: 8 | AY7: =IF(AV7=0,"DESPRECIABLE",IF(AND(ISERROR(SEARCH("referencia",AN7)),BB7/AP7>=AV7,BI7>=AW7,BH7="CUMPLE"),"CUMPLE","NO CUMPLE")) -> NO CUMPLE | AZ7: =IF(AND(X7="CUMPLE",AE7="CUMPLE",AS7="CUMPLE",OR(AY7="CUMPLE",AY7="DESPRECIABLE"),BH7="CUMPLE",BJ7="CUMPLE",COUNTIF('Todas las Vigas (592)'!$A$4:$A$595,A7)=COUNTIFS('Todas las Vigas (592)'!$A$4:$A$595,A7,'Todas las Vigas (592)'!$AZ$4:$AZ$595,"CUMPLE")),"CUMPLE","NO CUMPLE") -> NO CUMPLE | BA7: 12.7 | BB7: 129 | BC7: =MAX(IF(AK7=0,0,AK7*1000/('Parametros'!$B$4*MIN(U7,AB7))),MAX(0.062*SQRT('Parametros'!$B$2)*H7/'Parametros'!$B$4,0.35*H7/'Parametros'!$B$4)) -> 2.3238041 | BD7: =2*AV7 -> 1.7101937 | BE7: =AO7*BB7/AP7 -> 4.3 | BF7: =SQRT((AI7*1000/(H7*MIN(U7,AB7)))^2+(Q7*1000000*2*((H7-2*('Parametros'!$B$7+'Parametros'!$B$9/2))+(I7-2*('Parametros'!$B$7+'Parametros'!$B$9/2)))/(1.7*((H7-2*('Parametros'!$B$7+'Parametros'!$B$9/2))*(I7-2*('Parametros'!$B$7+'Parametros'!$B$9/2)))^2))^2) -> 3.536861 | BG7: ='Parametros'!$B$6*(AJ7*1000/(H7*MIN(U7,AB7))+0.66*SQRT('Parametros'!$B$2)) -> 3.2939604 | BH7: =IF(BF7<=BG7,"CUMPLE","NO CUMPLE") -> NO CUMPLE | BI7: =AX7*'Parametros'!$B$8 -> 1592 | BJ7: =IF(BI7>=AW7,"CUMPLE","NO CUMPLE") -> CUMPLE
A8: VC5 | B8: 84 | C8: 40 | D8: 3.3 | E8: 3.3 | F8: 450 | G8: 550 | H8: 450 | I8: 550 | J8: 199.483 | K8: 84 | L8: 139.6693 | M8: 63 | N8: 140.953 | O8: 491.129 | P8: 84 | Q8: 124.2661 | R8: =MAX(MAX(1.4/'Parametros'!$B$3,0.25*SQRT('Parametros'!$B$2)/'Parametros'!$B$3)*H8*U8,(0.85*'Parametros'!$B$2/'Parametros'!$B$3)*(1-SQRT(1-2*(J8*1000000/('Parametros'!$B$5*H8*U8^2))/(0.85*'Parametros'!$B$2)))*H8*U8) -> 1129.5609 | S8: 6 | T8: 1 | U8: =IF(T8=1,I8-('Parametros'!$B$7+'Parametros'!$B$9+'Parametros'!$B$12/2),I8-(ROUNDUP(S8/2,0)*('Parametros'!$B$7+'Parametros'!$B$9+'Parametros'!$B$12/2)+ROUNDDOWN(S8/2,0)*('Parametros'!$B$7+'Parametros'!$B$9+'Parametros'!$B$12/2+'Parametros'!$B$12+'Parametros'!$B$10))/S8) -> 489.35 | V8: =S8*'Parametros'!$B$8 -> 1194 | W8: ='Parametros'!$B$5*V8*'Parametros'!$B$3*(U8-(V8*'Parametros'!$B$3/(0.85*'Parametros'!$B$2*H8))/2)/1000000 -> 210.29284 | X8: =IF(W8>=J8,"CUMPLE","NO CUMPLE") -> CUMPLE | Y8: =MAX(MAX(1.4/'Parametros'!$B$3,0.25*SQRT('Parametros'!$B$2)/'Parametros'!$B$3)*H8*AB8,(0.85*'Parametros'!$B$2/'Parametros'!$B$3)*(1-SQRT(1-2*(L8*1000000/('Parametros'!$B$5*H8*AB8^2))/(0.85*'Parametros'!$B$2)))*H8*AB8) -> 779.41565 | Z8: 4 | AA8: 1 | AB8: =IF(AA8=1,I8-('Parametros'!$B$7+'Parametros'!$B$9+'Parametros'!$B$12/2),I8-(ROUNDUP(Z8/2,0)*('Parametros'!$B$7+'Parametros'!$B$9+'Parametros'!$B$12/2)+ROUNDDOWN(Z8/2,0)*('Parametros'!$B$7+'Parametros'!$B$9+'Parametros'!$B$12/2+'Parametros'!$B$12+'Parametros'!$B$10))/Z8) -> 489.35 | AC8: =Z8*'Parametros'!$B$8 -> 796 | AD8: ='Parametros'!$B$5*AC8*'Parametros'!$B$3*(AB8-(AC8*'Parametros'!$B$3/(0.85*'Parametros'!$B$2*H8))/2)/1000000 -> 142.54333 | AE8: =IF(AD8>=L8,"CUMPLE","NO CUMPLE") -> CUMPLE | AF8: =V8*1.25*'Parametros'!$B$3*(U8-(V8*1.25*'Parametros'!$B$3/(0.85*'Parametros'!$B$2*H8))/2)/1000000 -> 288.40447 | AG8: =AC8*1.25*'Parametros'!$B$3*(AB8-(AC8*1.25*'Parametros'!$B$3/(0.85*'Parametros'!$B$2*H8))/2)/1000000 -> 196.34622 | AH8: =N8+(AF8+AG8)/D8 -> 287.84715 | AI8: =MAX(O8,AH8) -> 491.129 | AJ8: =0.17*SQRT('Parametros'!$B$2)*H8*MIN(U8,AB8)/1000 -> 198.08886 | AK8: =MAX(AI8/'Parametros'!$B$6-AJ8,0) -> 456.74981 | AL8: =0.66*SQRT('Parametros'!$B$2)*H8*MIN(U8,AB8)/1000 -> 769.05085 | AM8: =IF(AK8<=AL8,"CUMPLE","NO CUMPLE") -> CUMPLE | AN8: Nº4 cerrado (referencia) | AO8: 4 | AP8: =ROUNDDOWN(MIN(IF(BC8+BD8=0,1000000000,AO8*BB8/(BC8+BD8)),MIN(U8,AB8)/4,8*'Parametros'!$B$12,24*BA8,300,IF(AV8=0,1000000000,2*((H8-2*('Parametros'!$B$7+'Parametros'!$B$9/2))+(I8-2*('Parametros'!$B$7+'Parametros'!$B$9/2)))/8))/10,0)*10 -> 100 | AQ8: =ROUNDDOWN(MIN(IF(BC8+BD8=0,1000000000,AO8*BB8/(BC8+BD8)),IF(AK8>0.33*SQRT('Parametros'!$B$2)*H8*MIN(U8,AB8)/1000,MIN(U8,AB8)/4,MIN(U8,AB8)/2),600,IF(AV8=0,1000000000,2*((H8-2*('Parametros'!$B$7+'Parametros'!$B$9/2))+(I8-2*('Parametros'!$B$7+'Parametros'!$B$9/2)))/8))/10,0)*10 -> 100 | AR8: ='Parametros'!$B$6*(AJ8+MAX(BE8-BD8,0)*'Parametros'!$B$4*MIN(U8,AB8)/1000) -> 506.11242 | AS8: =IF(AND(ISERROR(SEARCH("referencia",AN8)),AM8="CUMPLE",AR8>=AI8),"CUMPLE","NO CUMPLE") -> NO CUMPLE | AT8: ='Parametros'!$B$6*0.083*SQRT('Parametros'!$B$2)*(H8*I8)^2/(2*(H8+I8))/1000000 -> 10.088783 | AU8: =IF(Q8<=AT8,"DESPRECIABLE","DISEÑAR") -> DISEÑAR | AV8: =IF(Q8<=AT8,0,Q8*1000000/('Parametros'!$B$6*2*0.85*(H8-2*('Parametros'!$B$7+'Parametros'!$B$9/2))*(I8-2*('Parametros'!$B$7+'Parametros'!$B$9/2))*'Parametros'!$B$4)) -> 1.420231 | AW8: =AV8*2*((H8-2*('Parametros'!$B$7+'Parametros'!$B$9/2))+(I8-2*('Parametros'!$B$7+'Parametros'!$B$9/2)))*'Parametros'!$B$4/'Parametros'!$B$3 -> 2313.8403 | AX8: 12 | AY8: =IF(AV8=0,"DESPRECIABLE",IF(AND(ISERROR(SEARCH("referencia",AN8)),BB8/AP8>=AV8,BI8>=AW8,BH8="CUMPLE"),"CUMPLE","NO CUMPLE")) -> NO CUMPLE | AZ8: =IF(AND(X8="CUMPLE",AE8="CUMPLE",AS8="CUMPLE",OR(AY8="CUMPLE",AY8="DESPRECIABLE"),BH8="CUMPLE",BJ8="CUMPLE",COUNTIF('Todas las Vigas (592)'!$A$4:$A$595,A8)=COUNTIFS('Todas las Vigas (592)'!$A$4:$A$595,A8,'Todas las Vigas (592)'!$AZ$4:$AZ$595,"CUMPLE")),"CUMPLE","NO CUMPLE") -> NO CUMPLE | BA8: 12.7 | BB8: 129 | BC8: =MAX(IF(AK8=0,0,AK8*1000/('Parametros'!$B$4*MIN(U8,AB8))),MAX(0.062*SQRT('Parametros'!$B$2)*H8/'Parametros'!$B$4,0.35*H8/'Parametros'!$B$4)) -> 2.2223348 | BD8: =2*AV8 -> 2.8404619 | BE8: =AO8*BB8/AP8 -> 5.16 | BF8: =SQRT((AI8*1000/(H8*MIN(U8,AB8)))^2+(Q8*1000000*2*((H8-2*('Parametros'!$B$7+'Parametros'!$B$9/2))+(I8-2*('Parametros'!$B$7+'Parametros'!$B$9/2)))/(1.7*((H8-2*('Parametros'!$B$7+'Parametros'!$B$9/2))*(I8-2*('Parametros'!$B$7+'Parametros'!$B$9/2)))^2))^2) -> 4.9872538 | BG8: ='Parametros'!$B$6*(AJ8*1000/(H8*MIN(U8,AB8))+0.66*SQRT('Parametros'!$B$2)) -> 3.2939604 | BH8: =IF(BF8<=BG8,"CUMPLE","NO CUMPLE") -> NO CUMPLE | BI8: =AX8*'Parametros'!$B$8 -> 2388 | BJ8: =IF(BI8>=AW8,"CUMPLE","NO CUMPLE") -> CUMPLE
A9: VC6 | B9: 81 | C9: 40 | D9: 3.3 | E9: 3.3 | F9: 450 | G9: 550 | H9: 450 | I9: 550 | J9: 171.0864 | K9: 70 | L9: 149.0401 | M9: 67 | N9: 98.239 | O9: 424.48 | P9: 70 | Q9: 123.143 | R9: =MAX(MAX(1.4/'Parametros'!$B$3,0.25*SQRT('Parametros'!$B$2)/'Parametros'!$B$3)*H9*U9,(0.85*'Parametros'!$B$2/'Parametros'!$B$3)*(1-SQRT(1-2*(J9*1000000/('Parametros'!$B$5*H9*U9^2))/(0.85*'Parametros'!$B$2)))*H9*U9) -> 962.00174 | S9: 5 | T9: 1 | U9: =IF(T9=1,I9-('Parametros'!$B$7+'Parametros'!$B$9+'Parametros'!$B$12/2),I9-(ROUNDUP(S9/2,0)*('Parametros'!$B$7+'Parametros'!$B$9+'Parametros'!$B$12/2)+ROUNDDOWN(S9/2,0)*('Parametros'!$B$7+'Parametros'!$B$9+'Parametros'!$B$12/2+'Parametros'!$B$12+'Parametros'!$B$10))/S9) -> 489.35 | V9: =S9*'Parametros'!$B$8 -> 995 | W9: ='Parametros'!$B$5*V9*'Parametros'!$B$3*(U9-(V9*'Parametros'!$B$3/(0.85*'Parametros'!$B$2*H9))/2)/1000000 -> 176.7116 | X9: =IF(W9>=J9,"CUMPLE","NO CUMPLE") -> CUMPLE | Y9: =MAX(MAX(1.4/'Parametros'!$B$3,0.25*SQRT('Parametros'!$B$2)/'Parametros'!$B$3)*H9*AB9,(0.85*'Parametros'!$B$2/'Parametros'!$B$3)*(1-SQRT(1-2*(L9*1000000/('Parametros'!$B$5*H9*AB9^2))/(0.85*'Parametros'!$B$2)))*H9*AB9) -> 833.57611 | Z9: 5 | AA9: 1 | AB9: =IF(AA9=1,I9-('Parametros'!$B$7+'Parametros'!$B$9+'Parametros'!$B$12/2),I9-(ROUNDUP(Z9/2,0)*('Parametros'!$B$7+'Parametros'!$B$9+'Parametros'!$B$12/2)+ROUNDDOWN(Z9/2,0)*('Parametros'!$B$7+'Parametros'!$B$9+'Parametros'!$B$12/2+'Parametros'!$B$12+'Parametros'!$B$10))/Z9) -> 489.35 | AC9: =Z9*'Parametros'!$B$8 -> 995 | AD9: ='Parametros'!$B$5*AC9*'Parametros'!$B$3*(AB9-(AC9*'Parametros'!$B$3/(0.85*'Parametros'!$B$2*H9))/2)/1000000 -> 176.7116 | AE9: =IF(AD9>=L9,"CUMPLE","NO CUMPLE") -> CUMPLE | AF9: =V9*1.25*'Parametros'!$B$3*(U9-(V9*1.25*'Parametros'!$B$3/(0.85*'Parametros'!$B$2*H9))/2)/1000000 -> 242.88491 | AG9: =AC9*1.25*'Parametros'!$B$3*(AB9-(AC9*1.25*'Parametros'!$B$3/(0.85*'Parametros'!$B$2*H9))/2)/1000000 -> 242.88491 | AH9: =N9+(AF9+AG9)/D9 -> 245.44198 | AI9: =MAX(O9,AH9) -> 424.48 | AJ9: =0.17*SQRT('Parametros'!$B$2)*H9*MIN(U9,AB9)/1000 -> 198.08886 | AK9: =MAX(AI9/'Parametros'!$B$6-AJ9,0) -> 367.88448 | AL9: =0.66*SQRT('Parametros'!$B$2)*H9*MIN(U9,AB9)/1000 -> 769.05085 | AM9: =IF(AK9<=AL9,"CUMPLE","NO CUMPLE") -> CUMPLE | AN9: Nº4 cerrado (referencia) | AO9: 4 | AP9: =ROUNDDOWN(MIN(IF(BC9+BD9=0,1000000000,AO9*BB9/(BC9+BD9)),MIN(U9,AB9)/4,8*'Parametros'!$B$12,24*BA9,300,IF(AV9=0,1000000000,2*((H9-2*('Parametros'!$B$7+'Parametros'!$B$9/2))+(I9-2*('Parametros'!$B$7+'Parametros'!$B$9/2)))/8))/10,0)*10 -> 110 | AQ9: =ROUNDDOWN(MIN(IF(BC9+BD9=0,1000000000,AO9*BB9/(BC9+BD9)),IF(AK9>0.33*SQRT('Parametros'!$B$2)*H9*MIN(U9,AB9)/1000,MIN(U9,AB9)/4,MIN(U9,AB9)/2),600,IF(AV9=0,1000000000,2*((H9-2*('Parametros'!$B$7+'Parametros'!$B$9/2))+(I9-2*('Parametros'!$B$7+'Parametros'!$B$9/2)))/8))/10,0)*10 -> 110 | AR9: ='Parametros'!$B$6*(AJ9+MAX(BE9-BD9,0)*'Parametros'!$B$4*MIN(U9,AB9)/1000) -> 437.76146 | AS9: =IF(AND(ISERROR(SEARCH("referencia",AN9)),AM9="CUMPLE",AR9>=AI9),"CUMPLE","NO CUMPLE") -> NO CUMPLE | AT9: ='Parametros'!$B$6*0.083*SQRT('Parametros'!$B$2)*(H9*I9)^2/(2*(H9+I9))/1000000 -> 10.088783 | AU9: =IF(Q9<=AT9,"DESPRECIABLE","DISEÑAR") -> DISEÑAR | AV9: =IF(Q9<=AT9,0,Q9*1000000/('Parametros'!$B$6*2*0.85*(H9-2*('Parametros'!$B$7+'Parametros'!$B$9/2))*(I9-2*('Parametros'!$B$7+'Parametros'!$B$9/2))*'Parametros'!$B$4)) -> 1.4073951 | AW9: =AV9*2*((H9-2*('Parametros'!$B$7+'Parametros'!$B$9/2))+(I9-2*('Parametros'!$B$7+'Parametros'!$B$9/2)))*'Parametros'!$B$4/'Parametros'!$B$3 -> 2292.9281 | AX9: 12 | AY9: =IF(AV9=0,"DESPRECIABLE",IF(AND(ISERROR(SEARCH("referencia",AN9)),BB9/AP9>=AV9,BI9>=AW9,BH9="CUMPLE"),"CUMPLE","NO CUMPLE")) -> NO CUMPLE | AZ9: =IF(AND(X9="CUMPLE",AE9="CUMPLE",AS9="CUMPLE",OR(AY9="CUMPLE",AY9="DESPRECIABLE"),BH9="CUMPLE",BJ9="CUMPLE",COUNTIF('Todas las Vigas (592)'!$A$4:$A$595,A9)=COUNTIFS('Todas las Vigas (592)'!$A$4:$A$595,A9,'Todas las Vigas (592)'!$AZ$4:$AZ$595,"CUMPLE")),"CUMPLE","NO CUMPLE") -> NO CUMPLE | BA9: 12.7 | BB9: 129 | BC9: =MAX(IF(AK9=0,0,AK9*1000/('Parametros'!$B$4*MIN(U9,AB9))),MAX(0.062*SQRT('Parametros'!$B$2)*H9/'Parametros'!$B$4,0.35*H9/'Parametros'!$B$4)) -> 1.7899569 | BD9: =2*AV9 -> 2.8147902 | BE9: =AO9*BB9/AP9 -> 4.6909091 | BF9: =SQRT((AI9*1000/(H9*MIN(U9,AB9)))^2+(Q9*1000000*2*((H9-2*('Parametros'!$B$7+'Parametros'!$B$9/2))+(I9-2*('Parametros'!$B$7+'Parametros'!$B$9/2)))/(1.7*((H9-2*('Parametros'!$B$7+'Parametros'!$B$9/2))*(I9-2*('Parametros'!$B$7+'Parametros'!$B$9/2)))^2))^2) -> 4.8224669 | BG9: ='Parametros'!$B$6*(AJ9*1000/(H9*MIN(U9,AB9))+0.66*SQRT('Parametros'!$B$2)) -> 3.2939604 | BH9: =IF(BF9<=BG9,"CUMPLE","NO CUMPLE") -> NO CUMPLE | BI9: =AX9*'Parametros'!$B$8 -> 2388 | BJ9: =IF(BI9>=AW9,"CUMPLE","NO CUMPLE") -> CUMPLE
A10: VC7 | B10: 75 | C10: 40 | D10: 2.05 | E10: 4.5 | F10: 450 | G10: 550 | H10: 450 | I10: 550 | J10: 210.2525 | K10: 74 | L10: 197.3101 | M10: 75 | N10: 163.07 | O10: 754.708 | P10: 75 | Q10: 14.1874 | R10: =MAX(MAX(1.4/'Parametros'!$B$3,0.25*SQRT('Parametros'!$B$2)/'Parametros'!$B$3)*H10*U10,(0.85*'Parametros'!$B$2/'Parametros'!$B$3)*(1-SQRT(1-2*(J10*1000000/('Parametros'!$B$5*H10*U10^2))/(0.85*'Parametros'!$B$2)))*H10*U10) -> 1193.7589 | S10: 6 | T10: 1 | U10: =IF(T10=1,I10-('Parametros'!$B$7+'Parametros'!$B$9+'Parametros'!$B$12/2),I10-(ROUNDUP(S10/2,0)*('Parametros'!$B$7+'Parametros'!$B$9+'Parametros'!$B$12/2)+ROUNDDOWN(S10/2,0)*('Parametros'!$B$7+'Parametros'!$B$9+'Parametros'!$B$12/2+'Parametros'!$B$12+'Parametros'!$B$10))/S10) -> 489.35 | V10: =S10*'Parametros'!$B$8 -> 1194 | W10: ='Parametros'!$B$5*V10*'Parametros'!$B$3*(U10-(V10*'Parametros'!$B$3/(0.85*'Parametros'!$B$2*H10))/2)/1000000 -> 210.29284 | X10: =IF(W10>=J10,"CUMPLE","NO CUMPLE") -> CUMPLE | Y10: =MAX(MAX(1.4/'Parametros'!$B$3,0.25*SQRT('Parametros'!$B$2)/'Parametros'!$B$3)*H10*AB10,(0.85*'Parametros'!$B$2/'Parametros'!$B$3)*(1-SQRT(1-2*(L10*1000000/('Parametros'!$B$5*H10*AB10^2))/(0.85*'Parametros'!$B$2)))*H10*AB10) -> 1116.652 | Z10: 6 | AA10: 1 | AB10: =IF(AA10=1,I10-('Parametros'!$B$7+'Parametros'!$B$9+'Parametros'!$B$12/2),I10-(ROUNDUP(Z10/2,0)*('Parametros'!$B$7+'Parametros'!$B$9+'Parametros'!$B$12/2)+ROUNDDOWN(Z10/2,0)*('Parametros'!$B$7+'Parametros'!$B$9+'Parametros'!$B$12/2+'Parametros'!$B$12+'Parametros'!$B$10))/Z10) -> 489.35 | AC10: =Z10*'Parametros'!$B$8 -> 1194 | AD10: ='Parametros'!$B$5*AC10*'Parametros'!$B$3*(AB10-(AC10*'Parametros'!$B$3/(0.85*'Parametros'!$B$2*H10))/2)/1000000 -> 210.29284 | AE10: =IF(AD10>=L10,"CUMPLE","NO CUMPLE") -> CUMPLE | AF10: =V10*1.25*'Parametros'!$B$3*(U10-(V10*1.25*'Parametros'!$B$3/(0.85*'Parametros'!$B$2*H10))/2)/1000000 -> 288.40447 | AG10: =AC10*1.25*'Parametros'!$B$3*(AB10-(AC10*1.25*'Parametros'!$B$3/(0.85*'Parametros'!$B$2*H10))/2)/1000000 -> 288.40447 | AH10: =N10+(AF10+AG10)/D10 -> 444.44021 | AI10: =MAX(O10,AH10) -> 754.708 | AJ10: =0.17*SQRT('Parametros'!$B$2)*H10*MIN(U10,AB10)/1000 -> 198.08886 | AK10: =MAX(AI10/'Parametros'!$B$6-AJ10,0) -> 808.18848 | AL10: =0.66*SQRT('Parametros'!$B$2)*H10*MIN(U10,AB10)/1000 -> 769.05085 | AM10: =IF(AK10<=AL10,"CUMPLE","NO CUMPLE") -> NO CUMPLE | AN10: Nº4 cerrado | AO10: 4 | AP10: =ROUNDDOWN(MIN(IF(BC10+BD10=0,1000000000,AO10*BB10/(BC10+BD10)),MIN(U10,AB10)/4,8*'Parametros'!$B$12,24*BA10,300,IF(AV10=0,1000000000,2*((H10-2*('Parametros'!$B$7+'Parametros'!$B$9/2))+(I10-2*('Parametros'!$B$7+'Parametros'!$B$9/2)))/8))/10,0)*10 -> 120 | AQ10: =ROUNDDOWN(MIN(IF(BC10+BD10=0,1000000000,AO10*BB10/(BC10+BD10)),IF(AK10>0.33*SQRT('Parametros'!$B$2)*H10*MIN(U10,AB10)/1000,MIN(U10,AB10)/4,MIN(U10,AB10)/2),600,IF(AV10=0,1000000000,2*((H10-2*('Parametros'!$B$7+'Parametros'!$B$9/2))+(I10-2*('Parametros'!$B$7+'Parametros'!$B$9/2)))/8))/10,0)*10 -> 120 | AR10: ='Parametros'!$B$6*(AJ10+MAX(BE10-BD10,0)*'Parametros'!$B$4*MIN(U10,AB10)/1000) -> 761.40281 | AS10: =IF(AND(ISERROR(SEARCH("referencia",AN10)),AM10="CUMPLE",AR10>=AI10),"CUMPLE","NO CUMPLE") -> NO CUMPLE | AT10: ='Parametros'!$B$6*0.083*SQRT('Parametros'!$B$2)*(H10*I10)^2/(2*(H10+I10))/1000000 -> 10.088783 | AU10: =IF(Q10<=AT10,"DESPRECIABLE","DISEÑAR") -> DISEÑAR | AV10: =IF(Q10<=AT10,0,Q10*1000000/('Parametros'!$B$6*2*0.85*(H10-2*('Parametros'!$B$7+'Parametros'!$B$9/2))*(I10-2*('Parametros'!$B$7+'Parametros'!$B$9/2))*'Parametros'!$B$4)) -> 0.16214708 | AW10: =AV10*2*((H10-2*('Parametros'!$B$7+'Parametros'!$B$9/2))+(I10-2*('Parametros'!$B$7+'Parametros'!$B$9/2)))*'Parametros'!$B$4/'Parametros'!$B$3 -> 264.17002 | AX10: 8 | AY10: =IF(AV10=0,"DESPRECIABLE",IF(AND(ISERROR(SEARCH("referencia",AN10)),BB10/AP10>=AV10,BI10>=AW10,BH10="CUMPLE"),"CUMPLE","NO CUMPLE")) -> NO CUMPLE | AZ10: =IF(AND(X10="CUMPLE",AE10="CUMPLE",AS10="CUMPLE",OR(AY10="CUMPLE",AY10="DESPRECIABLE"),BH10="CUMPLE",BJ10="CUMPLE",COUNTIF('Todas las Vigas (592)'!$A$4:$A$595,A10)=COUNTIFS('Todas las Vigas (592)'!$A$4:$A$595,A10,'Todas las Vigas (592)'!$AZ$4:$AZ$595,"CUMPLE")),"CUMPLE","NO CUMPLE") -> NO CUMPLE | BA10: 12.7 | BB10: 129 | BC10: =MAX(IF(AK10=0,0,AK10*1000/('Parametros'!$B$4*MIN(U10,AB10))),MAX(0.062*SQRT('Parametros'!$B$2)*H10/'Parametros'!$B$4,0.35*H10/'Parametros'!$B$4)) -> 3.932274 | BD10: =2*AV10 -> 0.32429415 | BE10: =AO10*BB10/AP10 -> 4.3 | BF10: =SQRT((AI10*1000/(H10*MIN(U10,AB10)))^2+(Q10*1000000*2*((H10-2*('Parametros'!$B$7+'Parametros'!$B$9/2))+(I10-2*('Parametros'!$B$7+'Parametros'!$B$9/2)))/(1.7*((H10-2*('Parametros'!$B$7+'Parametros'!$B$9/2))*(I10-2*('Parametros'!$B$7+'Parametros'!$B$9/2)))^2))^2) -> 3.4648911 | BG10: ='Parametros'!$B$6*(AJ10*1000/(H10*MIN(U10,AB10))+0.66*SQRT('Parametros'!$B$2)) -> 3.2939604 | BH10: =IF(BF10<=BG10,"CUMPLE","NO CUMPLE") -> NO CUMPLE | BI10: =AX10*'Parametros'!$B$8 -> 1592 | BJ10: =IF(BI10>=AW10,"CUMPLE","NO CUMPLE") -> CUMPLE

Sheet Vigas de Rigidez (5)
A1: DISEÑO DE VIGAS — VIGAS DE RIGIDEZ (5)
A2: Flexión: ENVFLEX. Cortante: ENVCORT directo. Torsión: máximo de ambas envolventes. Verificación DMO: Ve. Vu adoptado = máx(ENVCORT; Ve).
A3: Grupo | B3: Frame | C3: N vigas | D3: Ln adopt. mín (m) | E3: Ln adopt. máx (m) | F3: b modelo (mm) | G3: h modelo (mm) | H3: b adopt. (mm) | I3: h adopt. (mm) | J3: Mu− ENVFLEX (kN·m) | K3: Frame Mu− | L3: Mu+ ENVFLEX (kN·m) | M3: Frame Mu+ | N3: Vu ENVFLEX (kN) | O3: Vu ENVCORT (kN) | P3: Frame Vu | Q3: Tu diseño compat. (kN·m) | R3: As req. sup (mm²) | S3: Nº5 sup | T3: Capas sup | U3: d sup (mm) | V3: As prov. sup (mm²) | W3: φMn− (kN·m) | X3: Flexión − | Y3: As req. inf (mm²) | Z3: Nº5 inf | AA3: Capas inf | AB3: d inf (mm) | AC3: As prov. inf (mm²) | AD3: φMn+ (kN·m) | AE3: Flexión + | AF3: Mpr− (kN·m) | AG3: Mpr+ (kN·m) | AH3: Vcap (kN) | AI3: Vu diseño (kN) | AJ3: Vc (kN) | AK3: Vs req. (kN) | AL3: Vs máx. (kN) | AM3: Sección cortante | AN3: Estribo | AO3: Ramas | AP3: s extremo DMO (mm; zona 2h) | AQ3: s centro (mm) | AR3: φVn (kN) | AS3: Cortante | AT3: φTth (kN·m) | AU3: Torsión | AV3: At/s (mm²/mm) | AW3: Al adicional req. (mm²) | AX3: Nº5 torsión dedicadas | AY3: Chequeo torsión | AZ3: ESTADO | BA3: db estribo (mm) | BB3: Área rama (mm²) | BC3: Av/s req. cortante incl. mín. | BD3: 2At/s req. torsión | BE3: Av/s prov. extremo | BF3: Interacción V-T | BG3: Límite V-T | BH3: Chequeo V-T | BI3: Al provisto (mm²) | BJ3: Chequeo Al
A4: VR1 | B4: 250 | C4: 80 | D4: 3.4 | E4: 3.4 | F4: 500 | G4: 550 | H4: 500 | I4: 550 | J4: 179.0934 | K4: 254 | L4: 119.3315 | M4: 251 | N4: 136.996 | O4: 405.204 | P4: 251 | Q4: 9.2478 | R4: =MAX(MAX(1.4/'Parametros'!$B$3,0.25*SQRT('Parametros'!$B$2)/'Parametros'!$B$3)*H4*U4,(0.85*'Parametros'!$B$2/'Parametros'!$B$3)*(1-SQRT(1-2*(J4*1000000/('Parametros'!$B$5*H4*U4^2))/(0.85*'Parametros'!$B$2)))*H4*U4) -> 1004.6018 | S4: 6 | T4: 1 | U4: =IF(T4=1,I4-('Parametros'!$B$7+'Parametros'!$B$9+'Parametros'!$B$12/2),I4-(ROUNDUP(S4/2,0)*('Parametros'!$B$7+'Parametros'!$B$9+'Parametros'!$B$12/2)+ROUNDDOWN(S4/2,0)*('Parametros'!$B$7+'Parametros'!$B$9+'Parametros'!$B$12/2+'Parametros'!$B$12+'Parametros'!$B$10))/S4) -> 489.35 | V4: =S4*'Parametros'!$B$8 -> 1194 | W4: ='Parametros'!$B$5*V4*'Parametros'!$B$3*(U4-(V4*'Parametros'!$B$3/(0.85*'Parametros'!$B$2*H4))/2)/1000000 -> 211.34948 | X4: =IF(W4>=J4,"CUMPLE","NO CUMPLE") -> CUMPLE | Y4: =MAX(MAX(1.4/'Parametros'!$B$3,0.25*SQRT('Parametros'!$B$2)/'Parametros'!$B$3)*H4*AB4,(0.85*'Parametros'!$B$2/'Parametros'!$B$3)*(1-SQRT(1-2*(L4*1000000/('Parametros'!$B$5*H4*AB4^2))/(0.85*'Parametros'!$B$2)))*H4*AB4) -> 815.58333 | Z4: 5 | AA4: 1 | AB4: =IF(AA4=1,I4-('Parametros'!$B$7+'Parametros'!$B$9+'Parametros'!$B$12/2),I4-(ROUNDUP(Z4/2,0)*('Parametros'!$B$7+'Parametros'!$B$9+'Parametros'!$B$12/2)+ROUNDDOWN(Z4/2,0)*('Parametros'!$B$7+'Parametros'!$B$9+'Parametros'!$B$12/2+'Parametros'!$B$12+'Parametros'!$B$10))/Z4) -> 489.35 | AC4: =Z4*'Parametros'!$B$8 -> 995 | AD4: ='Parametros'!$B$5*AC4*'Parametros'!$B$3*(AB4-(AC4*'Parametros'!$B$3/(0.85*'Parametros'!$B$2*H4))/2)/1000000 -> 177.44538 | AE4: =IF(AD4>=L4,"CUMPLE","NO CUMPLE") -> CUMPLE | AF4: =V4*1.25*'Parametros'!$B$3*(U4-(V4*1.25*'Parametros'!$B$3/(0.85*'Parametros'!$B$2*H4))/2)/1000000 -> 290.23892 | AG4: =AC4*1.25*'Parametros'!$B$3*(AB4-(AC4*1.25*'Parametros'!$B$3/(0.85*'Parametros'!$B$2*H4))/2)/1000000 -> 244.15884 | AH4: =N4+(AF4+AG4)/D4 -> 294.17181 | AI4: =MAX(O4,AH4) -> 405.204 | AJ4: =0.17*SQRT('Parametros'!$B$2)*H4*MIN(U4,AB4)/1000 -> 220.09873 | AK4: =MAX(AI4/'Parametros'!$B$6-AJ4,0) -> 320.17327 | AL4: =0.66*SQRT('Parametros'!$B$2)*H4*MIN(U4,AB4)/1000 -> 854.50095 | AM4: =IF(AK4<=AL4,"CUMPLE","NO CUMPLE") -> CUMPLE | AN4: Nº3 cerrado | AO4: 2 | AP4: =ROUNDDOWN(MIN(IF(BC4+BD4=0,1000000000,AO4*BB4/(BC4+BD4)),MIN(U4,AB4)/4,8*'Parametros'!$B$12,24*BA4,300,IF(AV4=0,1000000000,2*((H4-2*('Parametros'!$B$7+'Parametros'!$B$9/2))+(I4-2*('Parametros'!$B$7+'Parametros'!$B$9/2)))/8))/10,0)*10 -> 90 | AQ4: =ROUNDDOWN(MIN(IF(BC4+BD4=0,1000000000,AO4*BB4/(BC4+BD4)),IF(AK4>0.33*SQRT('Parametros'!$B$2)*H4*MIN(U4,AB4)/1000,MIN(U4,AB4)/4,MIN(U4,AB4)/2),600,IF(AV4=0,1000000000,2*((H4-2*('Parametros'!$B$7+'Parametros'!$B$9/2))+(I4-2*('Parametros'!$B$7+'Parametros'!$B$9/2)))/8))/10,0)*10 -> 90 | AR4: ='Parametros'!$B$6*(AJ4+MAX(BE4-BD4,0)*'Parametros'!$B$4*MIN(U4,AB4)/1000) -> 408.281 | AS4: =IF(AND(ISERROR(SEARCH("referencia",AN4)),AM4="CUMPLE",AR4>=AI4),"CUMPLE","NO CUMPLE") -> CUMPLE | AT4: ='Parametros'!$B$6*0.083*SQRT('Parametros'!$B$2)*(H4*I4)^2/(2*(H4+I4))/1000000 -> 11.862179 | AU4: =IF(Q4<=AT4,"DESPRECIABLE","DISEÑAR") -> DESPRECIABLE | AV4: =IF(Q4<=AT4,0,Q4*1000000/('Parametros'!$B$6*2*0.85*(H4-2*('Parametros'!$B$7+'Parametros'!$B$9/2))*(I4-2*('Parametros'!$B$7+'Parametros'!$B$9/2))*'Parametros'!$B$4)) -> 0 | AW4: =AV4*2*((H4-2*('Parametros'!$B$7+'Parametros'!$B$9/2))+(I4-2*('Parametros'!$B$7+'Parametros'!$B$9/2)))*'Parametros'!$B$4/'Parametros'!$B$3 -> 0 | AX4: 0 | AY4: =IF(AV4=0,"DESPRECIABLE",IF(AND(ISERROR(SEARCH("referencia",AN4)),BB4/AP4>=AV4,BI4>=AW4,BH4="CUMPLE"),"CUMPLE","NO CUMPLE")) -> DESPRECIABLE | AZ4: =IF(AND(X4="CUMPLE",AE4="CUMPLE",AS4="CUMPLE",OR(AY4="CUMPLE",AY4="DESPRECIABLE"),BH4="CUMPLE",BJ4="CUMPLE",COUNTIF('Todas las Vigas (592)'!$A$4:$A$595,A4)=COUNTIFS('Todas las Vigas (592)'!$A$4:$A$595,A4,'Todas las Vigas (592)'!$AZ$4:$AZ$595,"CUMPLE")),"CUMPLE","NO CUMPLE") -> CUMPLE | BA4: 9.5 | BB4: 71 | BC4: =MAX(IF(AK4=0,0,AK4*1000/('Parametros'!$B$4*MIN(U4,AB4))),MAX(0.062*SQRT('Parametros'!$B$2)*H4/'Parametros'!$B$4,0.35*H4/'Parametros'!$B$4)) -> 1.5578161 | BD4: =2*AV4 -> 0 | BE4: =AO4*BB4/AP4 -> 1.5777778 | BF4: =SQRT((AI4*1000/(H4*MIN(U4,AB4)))^2+(Q4*1000000*2*((H4-2*('Parametros'!$B$7+'Parametros'!$B$9/2))+(I4-2*('Parametros'!$B$7+'Parametros'!$B$9/2)))/(1.7*((H4-2*('Parametros'!$B$7+'Parametros'!$B$9/2))*(I4-2*('Parametros'!$B$7+'Parametros'!$B$9/2)))^2))^2) -> 1.6781409 | BG4: ='Parametros'!$B$6*(AJ4*1000/(H4*MIN(U4,AB4))+0.66*SQRT('Parametros'!$B$2)) -> 3.2939604 | BH4: =IF(BF4<=BG4,"CUMPLE","NO CUMPLE") -> CUMPLE | BI4: =AX4*'Parametros'!$B$8 -> 0 | BJ4: =IF(BI4>=AW4,"CUMPLE","NO CUMPLE") -> CUMPLE
A5: VR N1 | B5: 52 | C5: 22 | D5: 2 | E5: 4.9 | F5: 500 | G5: 550 | H5: 500 | I5: 550 | J5: 175.8938 | K5: 54 | L5: 143.3015 | M5: 45 | N5: 164.744 | O5: 634.574 | P5: 54 | Q5: 10.9368 | R5: =MAX(MAX(1.4/'Parametros'!$B$3,0.25*SQRT('Parametros'!$B$2)/'Parametros'!$B$3)*H5*U5,(0.85*'Parametros'!$B$2/'Parametros'!$B$3)*(1-SQRT(1-2*(J5*1000000/('Parametros'!$B$5*H5*U5^2))/(0.85*'Parametros'!$B$2)))*H5*U5) -> 985.96659 | S5: 5 | T5: 1 | U5: =IF(T5=1,I5-('Parametros'!$B$7+'Parametros'!$B$9+'Parametros'!$B$12/2),I5-(ROUNDUP(S5/2,0)*('Parametros'!$B$7+'Parametros'!$B$9+'Parametros'!$B$12/2)+ROUNDDOWN(S5/2,0)*('Parametros'!$B$7+'Parametros'!$B$9+'Parametros'!$B$12/2+'Parametros'!$B$12+'Parametros'!$B$10))/S5) -> 489.35 | V5: =S5*'Parametros'!$B$8 -> 995 | W5: ='Parametros'!$B$5*V5*'Parametros'!$B$3*(U5-(V5*'Parametros'!$B$3/(0.85*'Parametros'!$B$2*H5))/2)/1000000 -> 177.44538 | X5: =IF(W5>=J5,"CUMPLE","NO CUMPLE") -> CUMPLE | Y5: =MAX(MAX(1.4/'Parametros'!$B$3,0.25*SQRT('Parametros'!$B$2)/'Parametros'!$B$3)*H5*AB5,(0.85*'Parametros'!$B$2/'Parametros'!$B$3)*(1-SQRT(1-2*(L5*1000000/('Parametros'!$B$5*H5*AB5^2))/(0.85*'Parametros'!$B$2)))*H5*AB5) -> 815.58333 | Z5: 5 | AA5: 1 | AB5: =IF(AA5=1,I5-('Parametros'!$B$7+'Parametros'!$B$9+'Parametros'!$B$12/2),I5-(ROUNDUP(Z5/2,0)*('Parametros'!$B$7+'Parametros'!$B$9+'Parametros'!$B$12/2)+ROUNDDOWN(Z5/2,0)*('Parametros'!$B$7+'Parametros'!$B$9+'Parametros'!$B$12/2+'Parametros'!$B$12+'Parametros'!$B$10))/Z5) -> 489.35 | AC5: =Z5*'Parametros'!$B$8 -> 995 | AD5: ='Parametros'!$B$5*AC5*'Parametros'!$B$3*(AB5-(AC5*'Parametros'!$B$3/(0.85*'Parametros'!$B$2*H5))/2)/1000000 -> 177.44538 | AE5: =IF(AD5>=L5,"CUMPLE","NO CUMPLE") -> CUMPLE | AF5: =V5*1.25*'Parametros'!$B$3*(U5-(V5*1.25*'Parametros'!$B$3/(0.85*'Parametros'!$B$2*H5))/2)/1000000 -> 244.15884 | AG5: =AC5*1.25*'Parametros'!$B$3*(AB5-(AC5*1.25*'Parametros'!$B$3/(0.85*'Parametros'!$B$2*H5))/2)/1000000 -> 244.15884 | AH5: =N5+(AF5+AG5)/D5 -> 408.90284 | AI5: =MAX(O5,AH5) -> 634.574 | AJ5: =0.17*SQRT('Parametros'!$B$2)*H5*MIN(U5,AB5)/1000 -> 220.09873 | AK5: =MAX(AI5/'Parametros'!$B$6-AJ5,0) -> 625.99994 | AL5: =0.66*SQRT('Parametros'!$B$2)*H5*MIN(U5,AB5)/1000 -> 854.50095 | AM5: =IF(AK5<=AL5,"CUMPLE","NO CUMPLE") -> CUMPLE | AN5: Nº4 cerrado | AO5: 2 | AP5: =ROUNDDOWN(MIN(IF(BC5+BD5=0,1000000000,AO5*BB5/(BC5+BD5)),MIN(U5,AB5)/4,8*'Parametros'!$B$12,24*BA5,300,IF(AV5=0,1000000000,2*((H5-2*('Parametros'!$B$7+'Parametros'!$B$9/2))+(I5-2*('Parametros'!$B$7+'Parametros'!$B$9/2)))/8))/10,0)*10 -> 80 | AQ5: =ROUNDDOWN(MIN(IF(BC5+BD5=0,1000000000,AO5*BB5/(BC5+BD5)),IF(AK5>0.33*SQRT('Parametros'!$B$2)*H5*MIN(U5,AB5)/1000,MIN(U5,AB5)/4,MIN(U5,AB5)/2),600,IF(AV5=0,1000000000,2*((H5-2*('Parametros'!$B$7+'Parametros'!$B$9/2))+(I5-2*('Parametros'!$B$7+'Parametros'!$B$9/2)))/8))/10,0)*10 -> 80 | AR5: ='Parametros'!$B$6*(AJ5+MAX(BE5-BD5,0)*'Parametros'!$B$4*MIN(U5,AB5)/1000) -> 662.19248 | AS5: =IF(AND(ISERROR(SEARCH("referencia",AN5)),AM5="CUMPLE",AR5>=AI5),"CUMPLE","NO CUMPLE") -> CUMPLE | AT5: ='Parametros'!$B$6*0.083*SQRT('Parametros'!$B$2)*(H5*I5)^2/(2*(H5+I5))/1000000 -> 11.862179 | AU5: =IF(Q5<=AT5,"DESPRECIABLE","DISEÑAR") -> DESPRECIABLE | AV5: =IF(Q5<=AT5,0,Q5*1000000/('Parametros'!$B$6*2*0.85*(H5-2*('Parametros'!$B$7+'Parametros'!$B$9/2))*(I5-2*('Parametros'!$B$7+'Parametros'!$B$9/2))*'Parametros'!$B$4)) -> 0 | AW5: =AV5*2*((H5-2*('Parametros'!$B$7+'Parametros'!$B$9/2))+(I5-2*('Parametros'!$B$7+'Parametros'!$B$9/2)))*'Parametros'!$B$4/'Parametros'!$B$3 -> 0 | AX5: 0 | AY5: =IF(AV5=0,"DESPRECIABLE",IF(AND(ISERROR(SEARCH("referencia",AN5)),BB5/AP5>=AV5,BI5>=AW5,BH5="CUMPLE"),"CUMPLE","NO CUMPLE")) -> DESPRECIABLE | AZ5: =IF(AND(X5="CUMPLE",AE5="CUMPLE",AS5="CUMPLE",OR(AY5="CUMPLE",AY5="DESPRECIABLE"),BH5="CUMPLE",BJ5="CUMPLE",COUNTIF('Todas las Vigas (592)'!$A$4:$A$595,A5)=COUNTIFS('Todas las Vigas (592)'!$A$4:$A$595,A5,'Todas las Vigas (592)'!$AZ$4:$AZ$595,"CUMPLE")),"CUMPLE","NO CUMPLE") -> CUMPLE | BA5: 12.7 | BB5: 129 | BC5: =MAX(IF(AK5=0,0,AK5*1000/('Parametros'!$B$4*MIN(U5,AB5))),MAX(0.062*SQRT('Parametros'!$B$2)*H5/'Parametros'!$B$4,0.35*H5/'Parametros'!$B$4)) -> 3.0458282 | BD5: =2*AV5 -> 0 | BE5: =AO5*BB5/AP5 -> 3.225 | BF5: =SQRT((AI5*1000/(H5*MIN(U5,AB5)))^2+(Q5*1000000*2*((H5-2*('Parametros'!$B$7+'Parametros'!$B$9/2))+(I5-2*('Parametros'!$B$7+'Parametros'!$B$9/2)))/(1.7*((H5-2*('Parametros'!$B$7+'Parametros'!$B$9/2))*(I5-2*('Parametros'!$B$7+'Parametros'!$B$9/2)))^2))^2) -> 2.613287 | BG5: ='Parametros'!$B$6*(AJ5*1000/(H5*MIN(U5,AB5))+0.66*SQRT('Parametros'!$B$2)) -> 3.2939604 | BH5: =IF(BF5<=BG5,"CUMPLE","NO CUMPLE") -> CUMPLE | BI5: =AX5*'Parametros'!$B$8 -> 0 | BJ5: =IF(BI5>=AW5,"CUMPLE","NO CUMPLE") -> CUMPLE
A6: VR2 | B6: 152 | C6: 140 | D6: 0.9 | E6: 3.57612 | F6: 500 | G6: 550 | H6: 500 | I6: 550 | J6: 71.2977 | K6: 33 | L6: 0.1306 | M6: 44 | N6: 52.863 | O6: 101.022 | P6: 11 | Q6: 140.6649 | R6: =MAX(MAX(1.4/'Parametros'!$B$3,0.25*SQRT('Parametros'!$B$2)/'Parametros'!$B$3)*H6*U6,(0.85*'Parametros'!$B$2/'Parametros'!$B$3)*(1-SQRT(1-2*(J6*1000000/('Parametros'!$B$5*H6*U6^2))/(0.85*'Parametros'!$B$2)))*H6*U6) -> 815.58333 | S6: 5 | T6: 1 | U6: =IF(T6=1,I6-('Parametros'!$B$7+'Parametros'!$B$9+'Parametros'!$B$12/2),I6-(ROUNDUP(S6/2,0)*('Parametros'!$B$7+'Parametros'!$B$9+'Parametros'!$B$12/2)+ROUNDDOWN(S6/2,0)*('Parametros'!$B$7+'Parametros'!$B$9+'Parametros'!$B$12/2+'Parametros'!$B$12+'Parametros'!$B$10))/S6) -> 489.35 | V6: =S6*'Parametros'!$B$8 -> 995 | W6: ='Parametros'!$B$5*V6*'Parametros'!$B$3*(U6-(V6*'Parametros'!$B$3/(0.85*'Parametros'!$B$2*H6))/2)/1000000 -> 177.44538 | X6: =IF(W6>=J6,"CUMPLE","NO CUMPLE") -> CUMPLE | Y6: =MAX(MAX(1.4/'Parametros'!$B$3,0.25*SQRT('Parametros'!$B$2)/'Parametros'!$B$3)*H6*AB6,(0.85*'Parametros'!$B$2/'Parametros'!$B$3)*(1-SQRT(1-2*(L6*1000000/('Parametros'!$B$5*H6*AB6^2))/(0.85*'Parametros'!$B$2)))*H6*AB6) -> 815.58333 | Z6: 5 | AA6: 1 | AB6: =IF(AA6=1,I6-('Parametros'!$B$7+'Parametros'!$B$9+'Parametros'!$B$12/2),I6-(ROUNDUP(Z6/2,0)*('Parametros'!$B$7+'Parametros'!$B$9+'Parametros'!$B$12/2)+ROUNDDOWN(Z6/2,0)*('Parametros'!$B$7+'Parametros'!$B$9+'Parametros'!$B$12/2+'Parametros'!$B$12+'Parametros'!$B$10))/Z6) -> 489.35 | AC6: =Z6*'Parametros'!$B$8 -> 995 | AD6: ='Parametros'!$B$5*AC6*'Parametros'!$B$3*(AB6-(AC6*'Parametros'!$B$3/(0.85*'Parametros'!$B$2*H6))/2)/1000000 -> 177.44538 | AE6: =IF(AD6>=L6,"CUMPLE","NO CUMPLE") -> CUMPLE | AF6: =V6*1.25*'Parametros'!$B$3*(U6-(V6*1.25*'Parametros'!$B$3/(0.85*'Parametros'!$B$2*H6))/2)/1000000 -> 244.15884 | AG6: =AC6*1.25*'Parametros'!$B$3*(AB6-(AC6*1.25*'Parametros'!$B$3/(0.85*'Parametros'!$B$2*H6))/2)/1000000 -> 244.15884 | AH6: =N6+(AF6+AG6)/D6 -> 595.43821 | AI6: =MAX(O6,AH6) -> 595.43821 | AJ6: =0.17*SQRT('Parametros'!$B$2)*H6*MIN(U6,AB6)/1000 -> 220.09873 | AK6: =MAX(AI6/'Parametros'!$B$6-AJ6,0) -> 573.81888 | AL6: =0.66*SQRT('Parametros'!$B$2)*H6*MIN(U6,AB6)/1000 -> 854.50095 | AM6: =IF(AK6<=AL6,"CUMPLE","NO CUMPLE") -> CUMPLE | AN6: Nº4 cerrado | AO6: 4 | AP6: =ROUNDDOWN(MIN(IF(BC6+BD6=0,1000000000,AO6*BB6/(BC6+BD6)),MIN(U6,AB6)/4,8*'Parametros'!$B$12,24*BA6,300,IF(AV6=0,1000000000,2*((H6-2*('Parametros'!$B$7+'Parametros'!$B$9/2))+(I6-2*('Parametros'!$B$7+'Parametros'!$B$9/2)))/8))/10,0)*10 -> 90 | AQ6: =ROUNDDOWN(MIN(IF(BC6+BD6=0,1000000000,AO6*BB6/(BC6+BD6)),IF(AK6>0.33*SQRT('Parametros'!$B$2)*H6*MIN(U6,AB6)/1000,MIN(U6,AB6)/4,MIN(U6,AB6)/2),600,IF(AV6=0,1000000000,2*((H6-2*('Parametros'!$B$7+'Parametros'!$B$9/2))+(I6-2*('Parametros'!$B$7+'Parametros'!$B$9/2)))/8))/10,0)*10 -> 90 | AR6: ='Parametros'!$B$6*(AJ6+MAX(BE6-BD6,0)*'Parametros'!$B$4*MIN(U6,AB6)/1000) -> 614.05891 | AS6: =IF(AND(ISERROR(SEARCH("referencia",AN6)),AM6="CUMPLE",AR6>=AI6),"CUMPLE","NO CUMPLE") -> CUMPLE | AT6: ='Parametros'!$B$6*0.083*SQRT('Parametros'!$B$2)*(H6*I6)^2/(2*(H6+I6))/1000000 -> 11.862179 | AU6: =IF(Q6<=AT6,"DESPRECIABLE","DISEÑAR") -> DISEÑAR | AV6: =IF(Q6<=AT6,0,Q6*1000000/('Parametros'!$B$6*2*0.85*(H6-2*('Parametros'!$B$7+'Parametros'!$B$9/2))*(I6-2*('Parametros'!$B$7+'Parametros'!$B$9/2))*'Parametros'!$B$4)) -> 1.4102972 | AW6: =AV6*2*((H6-2*('Parametros'!$B$7+'Parametros'!$B$9/2))+(I6-2*('Parametros'!$B$7+'Parametros'!$B$9/2)))*'Parametros'!$B$4/'Parametros'!$B$3 -> 2438.686 | AX6: 16 | AY6: =IF(AV6=0,"DESPRECIABLE",IF(AND(ISERROR(SEARCH("referencia",AN6)),BB6/AP6>=AV6,BI6>=AW6,BH6="CUMPLE"),"CUMPLE","NO CUMPLE")) -> NO CUMPLE | AZ6: =IF(AND(X6="CUMPLE",AE6="CUMPLE",AS6="CUMPLE",OR(AY6="CUMPLE",AY6="DESPRECIABLE"),BH6="CUMPLE",BJ6="CUMPLE",COUNTIF('Todas las Vigas (592)'!$A$4:$A$595,A6)=COUNTIFS('Todas las Vigas (592)'!$A$4:$A$595,A6,'Todas las Vigas (592)'!$AZ$4:$AZ$595,"CUMPLE")),"CUMPLE","NO CUMPLE") -> NO CUMPLE | BA6: 12.7 | BB6: 129 | BC6: =MAX(IF(AK6=0,0,AK6*1000/('Parametros'!$B$4*MIN(U6,AB6))),MAX(0.062*SQRT('Parametros'!$B$2)*H6/'Parametros'!$B$4,0.35*H6/'Parametros'!$B$4)) -> 2.7919392 | BD6: =2*AV6 -> 2.8205945 | BE6: =AO6*BB6/AP6 -> 5.7333333 | BF6: =SQRT((AI6*1000/(H6*MIN(U6,AB6)))^2+(Q6*1000000*2*((H6-2*('Parametros'!$B$7+'Parametros'!$B$9/2))+(I6-2*('Parametros'!$B$7+'Parametros'!$B$9/2)))/(1.7*((H6-2*('Parametros'!$B$7+'Parametros'!$B$9/2))*(I6-2*('Parametros'!$B$7+'Parametros'!$B$9/2)))^2))^2) -> 4.7887626 | BG6: ='Parametros'!$B$6*(AJ6*1000/(H6*MIN(U6,AB6))+0.66*SQRT('Parametros'!$B$2)) -> 3.2939604 | BH6: =IF(BF6<=BG6,"CUMPLE","NO CUMPLE") -> NO CUMPLE | BI6: =AX6*'Parametros'!$B$8 -> 3184 | BJ6: =IF(BI6>=AW6,"CUMPLE","NO CUMPLE") -> CUMPLE
A7: VR3 | B7: 151 | C7: 70 | D7: 0.9 | E7: 3.4 | F7: 500 | G7: 550 | H7: 500 | I7: 550 | J7: 92.4286 | K7: 231 | L7: 5.8361 | M7: 30 | N7: 72.314 | O7: 72.314 | P7: 30 | Q7: 175.765 | R7: =MAX(MAX(1.4/'Parametros'!$B$3,0.25*SQRT('Parametros'!$B$2)/'Parametros'!$B$3)*H7*U7,(0.85*'Parametros'!$B$2/'Parametros'!$B$3)*(1-SQRT(1-2*(J7*1000000/('Parametros'!$B$5*H7*U7^2))/(0.85*'Parametros'!$B$2)))*H7*U7) -> 815.58333 | S7: 5 | T7: 1 | U7: =IF(T7=1,I7-('Parametros'!$B$7+'Parametros'!$B$9+'Parametros'!$B$12/2),I7-(ROUNDUP(S7/2,0)*('Parametros'!$B$7+'Parametros'!$B$9+'Parametros'!$B$12/2)+ROUNDDOWN(S7/2,0)*('Parametros'!$B$7+'Parametros'!$B$9+'Parametros'!$B$12/2+'Parametros'!$B$12+'Parametros'!$B$10))/S7) -> 489.35 | V7: =S7*'Parametros'!$B$8 -> 995 | W7: ='Parametros'!$B$5*V7*'Parametros'!$B$3*(U7-(V7*'Parametros'!$B$3/(0.85*'Parametros'!$B$2*H7))/2)/1000000 -> 177.44538 | X7: =IF(W7>=J7,"CUMPLE","NO CUMPLE") -> CUMPLE | Y7: =MAX(MAX(1.4/'Parametros'!$B$3,0.25*SQRT('Parametros'!$B$2)/'Parametros'!$B$3)*H7*AB7,(0.85*'Parametros'!$B$2/'Parametros'!$B$3)*(1-SQRT(1-2*(L7*1000000/('Parametros'!$B$5*H7*AB7^2))/(0.85*'Parametros'!$B$2)))*H7*AB7) -> 815.58333 | Z7: 5 | AA7: 1 | AB7: =IF(AA7=1,I7-('Parametros'!$B$7+'Parametros'!$B$9+'Parametros'!$B$12/2),I7-(ROUNDUP(Z7/2,0)*('Parametros'!$B$7+'Parametros'!$B$9+'Parametros'!$B$12/2)+ROUNDDOWN(Z7/2,0)*('Parametros'!$B$7+'Parametros'!$B$9+'Parametros'!$B$12/2+'Parametros'!$B$12+'Parametros'!$B$10))/Z7) -> 489.35 | AC7: =Z7*'Parametros'!$B$8 -> 995 | AD7: ='Parametros'!$B$5*AC7*'Parametros'!$B$3*(AB7-(AC7*'Parametros'!$B$3/(0.85*'Parametros'!$B$2*H7))/2)/1000000 -> 177.44538 | AE7: =IF(AD7>=L7,"CUMPLE","NO CUMPLE") -> CUMPLE | AF7: =V7*1.25*'Parametros'!$B$3*(U7-(V7*1.25*'Parametros'!$B$3/(0.85*'Parametros'!$B$2*H7))/2)/1000000 -> 244.15884 | AG7: =AC7*1.25*'Parametros'!$B$3*(AB7-(AC7*1.25*'Parametros'!$B$3/(0.85*'Parametros'!$B$2*H7))/2)/1000000 -> 244.15884 | AH7: =N7+(AF7+AG7)/D7 -> 614.88921 | AI7: =MAX(O7,AH7) -> 614.88921 | AJ7: =0.17*SQRT('Parametros'!$B$2)*H7*MIN(U7,AB7)/1000 -> 220.09873 | AK7: =MAX(AI7/'Parametros'!$B$6-AJ7,0) -> 599.75355 | AL7: =0.66*SQRT('Parametros'!$B$2)*H7*MIN(U7,AB7)/1000 -> 854.50095 | AM7: =IF(AK7<=AL7,"CUMPLE","NO CUMPLE") -> CUMPLE | AN7: Nº4 cerrado (referencia) | AO7: 4 | AP7: =ROUNDDOWN(MIN(IF(BC7+BD7=0,1000000000,AO7*BB7/(BC7+BD7)),MIN(U7,AB7)/4,8*'Parametros'!$B$12,24*BA7,300,IF(AV7=0,1000000000,2*((H7-2*('Parametros'!$B$7+'Parametros'!$B$9/2))+(I7-2*('Parametros'!$B$7+'Parametros'!$B$9/2)))/8))/10,0)*10 -> 80 | AQ7: =ROUNDDOWN(MIN(IF(BC7+BD7=0,1000000000,AO7*BB7/(BC7+BD7)),IF(AK7>0.33*SQRT('Parametros'!$B$2)*H7*MIN(U7,AB7)/1000,MIN(U7,AB7)/4,MIN(U7,AB7)/2),600,IF(AV7=0,1000000000,2*((H7-2*('Parametros'!$B$7+'Parametros'!$B$9/2))+(I7-2*('Parametros'!$B$7+'Parametros'!$B$9/2)))/8))/10,0)*10 -> 80 | AR7: ='Parametros'!$B$6*(AJ7+MAX(BE7-BD7,0)*'Parametros'!$B$4*MIN(U7,AB7)/1000) -> 616.03874 | AS7: =IF(AND(ISERROR(SEARCH("referencia",AN7)),AM7="CUMPLE",AR7>=AI7),"CUMPLE","NO CUMPLE") -> NO CUMPLE | AT7: ='Parametros'!$B$6*0.083*SQRT('Parametros'!$B$2)*(H7*I7)^2/(2*(H7+I7))/1000000 -> 11.862179 | AU7: =IF(Q7<=AT7,"DESPRECIABLE","DISEÑAR") -> DISEÑAR | AV7: =IF(Q7<=AT7,0,Q7*1000000/('Parametros'!$B$6*2*0.85*(H7-2*('Parametros'!$B$7+'Parametros'!$B$9/2))*(I7-2*('Parametros'!$B$7+'Parametros'!$B$9/2))*'Parametros'!$B$4)) -> 1.7622086 | AW7: =AV7*2*((H7-2*('Parametros'!$B$7+'Parametros'!$B$9/2))+(I7-2*('Parametros'!$B$7+'Parametros'!$B$9/2)))*'Parametros'!$B$4/'Parametros'!$B$3 -> 3047.2111 | AX7: 16 | AY7: =IF(AV7=0,"DESPRECIABLE",IF(AND(ISERROR(SEARCH("referencia",AN7)),BB7/AP7>=AV7,BI7>=AW7,BH7="CUMPLE"),"CUMPLE","NO CUMPLE")) -> NO CUMPLE | AZ7: =IF(AND(X7="CUMPLE",AE7="CUMPLE",AS7="CUMPLE",OR(AY7="CUMPLE",AY7="DESPRECIABLE"),BH7="CUMPLE",BJ7="CUMPLE",COUNTIF('Todas las Vigas (592)'!$A$4:$A$595,A7)=COUNTIFS('Todas las Vigas (592)'!$A$4:$A$595,A7,'Todas las Vigas (592)'!$AZ$4:$AZ$595,"CUMPLE")),"CUMPLE","NO CUMPLE") -> NO CUMPLE | BA7: 12.7 | BB7: 129 | BC7: =MAX(IF(AK7=0,0,AK7*1000/('Parametros'!$B$4*MIN(U7,AB7))),MAX(0.062*SQRT('Parametros'!$B$2)*H7/'Parametros'!$B$4,0.35*H7/'Parametros'!$B$4)) -> 2.9181253 | BD7: =2*AV7 -> 3.5244172 | BE7: =AO7*BB7/AP7 -> 6.45 | BF7: =SQRT((AI7*1000/(H7*MIN(U7,AB7)))^2+(Q7*1000000*2*((H7-2*('Parametros'!$B$7+'Parametros'!$B$9/2))+(I7-2*('Parametros'!$B$7+'Parametros'!$B$9/2)))/(1.7*((H7-2*('Parametros'!$B$7+'Parametros'!$B$9/2))*(I7-2*('Parametros'!$B$7+'Parametros'!$B$9/2)))^2))^2) -> 5.7335481 | BG7: ='Parametros'!$B$6*(AJ7*1000/(H7*MIN(U7,AB7))+0.66*SQRT('Parametros'!$B$2)) -> 3.2939604 | BH7: =IF(BF7<=BG7,"CUMPLE","NO CUMPLE") -> NO CUMPLE | BI7: =AX7*'Parametros'!$B$8 -> 3184 | BJ7: =IF(BI7>=AW7,"CUMPLE","NO CUMPLE") -> CUMPLE
A8: VRAUX | B8: 109 | C8: 40 | D8: 1.9 | E8: 2 | F8: 450 | G8: 550 | H8: 450 | I8: 550 | J8: 48.9168 | K8: 112 | L8: 41.186 | M8: 109 | N8: 43.256 | O8: 169.702 | P8: 109 | Q8: 16.9698 | R8: =MAX(MAX(1.4/'Parametros'!$B$3,0.25*SQRT('Parametros'!$B$2)/'Parametros'!$B$3)*H8*U8,(0.85*'Parametros'!$B$2/'Parametros'!$B$3)*(1-SQRT(1-2*(J8*1000000/('Parametros'!$B$5*H8*U8^2))/(0.85*'Parametros'!$B$2)))*H8*U8) -> 734.025 | S8: 4 | T8: 1 | U8: =IF(T8=1,I8-('Parametros'!$B$7+'Parametros'!$B$9+'Parametros'!$B$12/2),I8-(ROUNDUP(S8/2,0)*('Parametros'!$B$7+'Parametros'!$B$9+'Parametros'!$B$12/2)+ROUNDDOWN(S8/2,0)*('Parametros'!$B$7+'Parametros'!$B$9+'Parametros'!$B$12/2+'Parametros'!$B$12+'Parametros'!$B$10))/S8) -> 489.35 | V8: =S8*'Parametros'!$B$8 -> 796 | W8: ='Parametros'!$B$5*V8*'Parametros'!$B$3*(U8-(V8*'Parametros'!$B$3/(0.85*'Parametros'!$B$2*H8))/2)/1000000 -> 142.54333 | X8: =IF(W8>=J8,"CUMPLE","NO CUMPLE") -> CUMPLE | Y8: =MAX(MAX(1.4/'Parametros'!$B$3,0.25*SQRT('Parametros'!$B$2)/'Parametros'!$B$3)*H8*AB8,(0.85*'Parametros'!$B$2/'Parametros'!$B$3)*(1-SQRT(1-2*(L8*1000000/('Parametros'!$B$5*H8*AB8^2))/(0.85*'Parametros'!$B$2)))*H8*AB8) -> 734.025 | Z8: 4 | AA8: 1 | AB8: =IF(AA8=1,I8-('Parametros'!$B$7+'Parametros'!$B$9+'Parametros'!$B$12/2),I8-(ROUNDUP(Z8/2,0)*('Parametros'!$B$7+'Parametros'!$B$9+'Parametros'!$B$12/2)+ROUNDDOWN(Z8/2,0)*('Parametros'!$B$7+'Parametros'!$B$9+'Parametros'!$B$12/2+'Parametros'!$B$12+'Parametros'!$B$10))/Z8) -> 489.35 | AC8: =Z8*'Parametros'!$B$8 -> 796 | AD8: ='Parametros'!$B$5*AC8*'Parametros'!$B$3*(AB8-(AC8*'Parametros'!$B$3/(0.85*'Parametros'!$B$2*H8))/2)/1000000 -> 142.54333 | AE8: =IF(AD8>=L8,"CUMPLE","NO CUMPLE") -> CUMPLE | AF8: =V8*1.25*'Parametros'!$B$3*(U8-(V8*1.25*'Parametros'!$B$3/(0.85*'Parametros'!$B$2*H8))/2)/1000000 -> 196.34622 | AG8: =AC8*1.25*'Parametros'!$B$3*(AB8-(AC8*1.25*'Parametros'!$B$3/(0.85*'Parametros'!$B$2*H8))/2)/1000000 -> 196.34622 | AH8: =N8+(AF8+AG8)/D8 -> 249.93623 | AI8: =MAX(O8,AH8) -> 249.93623 | AJ8: =0.17*SQRT('Parametros'!$B$2)*H8*MIN(U8,AB8)/1000 -> 198.08886 | AK8: =MAX(AI8/'Parametros'!$B$6-AJ8,0) -> 135.15945 | AL8: =0.66*SQRT('Parametros'!$B$2)*H8*MIN(U8,AB8)/1000 -> 769.05085 | AM8: =IF(AK8<=AL8,"CUMPLE","NO CUMPLE") -> CUMPLE | AN8: Nº3 cerrado | AO8: 2 | AP8: =ROUNDDOWN(MIN(IF(BC8+BD8=0,1000000000,AO8*BB8/(BC8+BD8)),MIN(U8,AB8)/4,8*'Parametros'!$B$12,24*BA8,300,IF(AV8=0,1000000000,2*((H8-2*('Parametros'!$B$7+'Parametros'!$B$9/2))+(I8-2*('Parametros'!$B$7+'Parametros'!$B$9/2)))/8))/10,0)*10 -> 120 | AQ8: =ROUNDDOWN(MIN(IF(BC8+BD8=0,1000000000,AO8*BB8/(BC8+BD8)),IF(AK8>0.33*SQRT('Parametros'!$B$2)*H8*MIN(U8,AB8)/1000,MIN(U8,AB8)/4,MIN(U8,AB8)/2),600,IF(AV8=0,1000000000,2*((H8-2*('Parametros'!$B$7+'Parametros'!$B$9/2))+(I8-2*('Parametros'!$B$7+'Parametros'!$B$9/2)))/8))/10,0)*10 -> 130 | AR8: ='Parametros'!$B$6*(AJ8+MAX(BE8-BD8,0)*'Parametros'!$B$4*MIN(U8,AB8)/1000) -> 271.17984 | AS8: =IF(AND(ISERROR(SEARCH("referencia",AN8)),AM8="CUMPLE",AR8>=AI8),"CUMPLE","NO CUMPLE") -> CUMPLE | AT8: ='Parametros'!$B$6*0.083*SQRT('Parametros'!$B$2)*(H8*I8)^2/(2*(H8+I8))/1000000 -> 10.088783 | AU8: =IF(Q8<=AT8,"DESPRECIABLE","DISEÑAR") -> DISEÑAR | AV8: =IF(Q8<=AT8,0,Q8*1000000/('Parametros'!$B$6*2*0.85*(H8-2*('Parametros'!$B$7+'Parametros'!$B$9/2))*(I8-2*('Parametros'!$B$7+'Parametros'!$B$9/2))*'Parametros'!$B$4)) -> 0.19394698 | AW8: =AV8*2*((H8-2*('Parametros'!$B$7+'Parametros'!$B$9/2))+(I8-2*('Parametros'!$B$7+'Parametros'!$B$9/2)))*'Parametros'!$B$4/'Parametros'!$B$3 -> 315.97843 | AX8: 8 | AY8: =IF(AV8=0,"DESPRECIABLE",IF(AND(ISERROR(SEARCH("referencia",AN8)),BB8/AP8>=AV8,BI8>=AW8,BH8="CUMPLE"),"CUMPLE","NO CUMPLE")) -> CUMPLE | AZ8: =IF(AND(X8="CUMPLE",AE8="CUMPLE",AS8="CUMPLE",OR(AY8="CUMPLE",AY8="DESPRECIABLE"),BH8="CUMPLE",BJ8="CUMPLE",COUNTIF('Todas las Vigas (592)'!$A$4:$A$595,A8)=COUNTIFS('Todas las Vigas (592)'!$A$4:$A$595,A8,'Todas las Vigas (592)'!$AZ$4:$AZ$595,"CUMPLE")),"CUMPLE","NO CUMPLE") -> CUMPLE | BA8: 9.5 | BB8: 71 | BC8: =MAX(IF(AK8=0,0,AK8*1000/('Parametros'!$B$4*MIN(U8,AB8))),MAX(0.062*SQRT('Parametros'!$B$2)*H8/'Parametros'!$B$4,0.35*H8/'Parametros'!$B$4)) -> 0.65762382 | BD8: =2*AV8 -> 0.38789397 | BE8: =AO8*BB8/AP8 -> 1.1833333 | BF8: =SQRT((AI8*1000/(H8*MIN(U8,AB8)))^2+(Q8*1000000*2*((H8-2*('Parametros'!$B$7+'Parametros'!$B$9/2))+(I8-2*('Parametros'!$B$7+'Parametros'!$B$9/2)))/(1.7*((H8-2*('Parametros'!$B$7+'Parametros'!$B$9/2))*(I8-2*('Parametros'!$B$7+'Parametros'!$B$9/2)))^2))^2) -> 1.288143 | BG8: ='Parametros'!$B$6*(AJ8*1000/(H8*MIN(U8,AB8))+0.66*SQRT('Parametros'!$B$2)) -> 3.2939604 | BH8: =IF(BF8<=BG8,"CUMPLE","NO CUMPLE") -> CUMPLE | BI8: =AX8*'Parametros'!$B$8 -> 1592 | BJ8: =IF(BI8>=AW8,"CUMPLE","NO CUMPLE") -> CUMPLE

Sheet Todas las Vigas (592)
A1: DISEÑO DE VIGAS — TODAS LAS VIGAS (592)
A2: Flexión: ENVFLEX. Cortante: ENVCORT directo. Torsión: máximo de ambas envolventes. Verificación DMO: Ve. Vu adoptado = máx(ENVCORT; Ve).
A3: Grupo | B3: Frame | C3: N vigas | D3: Ln adopt. mín (m) | E3: Ln adopt. máx (m) | F3: b modelo (mm) | G3: h modelo (mm) | H3: b adopt. (mm) | I3: h adopt. (mm) | J3: Mu− ENVFLEX (kN·m) | K3: Frame Mu− | L3: Mu+ ENVFLEX (kN·m) | M3: Frame Mu+ | N3: Vu ENVFLEX (kN) | O3: Vu ENVCORT (kN) | P3: Frame Vu | Q3: Tu diseño compat. (kN·m) | R3: As req. sup (mm²) | S3: Nº5 sup | T3: Capas sup | U3: d sup (mm) | V3: As prov. sup (mm²) | W3: φMn− (kN·m) | X3: Flexión − | Y3: As req. inf (mm²) | Z3: Nº5 inf | AA3: Capas inf | AB3: d inf (mm) | AC3: As prov. inf (mm²) | AD3: φMn+ (kN·m) | AE3: Flexión + | AF3: Mpr− (kN·m) | AG3: Mpr+ (kN·m) | AH3: Vcap (kN) | AI3: Vu diseño (kN) | AJ3: Vc (kN) | AK3: Vs req. (kN) | AL3: Vs máx. (kN) | AM3: Sección cortante | AN3: Estribo | AO3: Ramas | AP3: s extremo DMO (mm; zona 2h) | AQ3: s centro (mm) | AR3: φVn (kN) | AS3: Cortante | AT3: φTth (kN·m) | AU3: Torsión | AV3: At/s (mm²/mm) | AW3: Al adicional req. (mm²) | AX3: Nº5 torsión dedicadas | AY3: Chequeo torsión | AZ3: ESTADO | BA3: db estribo (mm) | BB3: Área rama (mm²) | BC3: Av/s req. cortante incl. mín. | BD3: 2At/s req. torsión | BE3: Av/s prov. extremo | BF3: Interacción V-T | BG3: Límite V-T | BH3: Chequeo V-T | BI3: Al provisto (mm²) | BJ3: Chequeo Al
A4: VC1 | B4: 148 | C4: 1 | D4: 3.15 | E4: 3.15 | F4: 450 | G4: 550 | H4: 450 | I4: 550 | J4: 33.4279 | K4: 148 | L4: 21.621 | M4: 148 | N4: 26.941 | O4: 74.043 | P4: 148 | Q4: 13.2234 | R4: =MAX(MAX(1.4/'Parametros'!$B$3,0.25*SQRT('Parametros'!$B$2)/'Parametros'!$B$3)*H4*U4,(0.85*'Parametros'!$B$2/'Parametros'!$B$3)*(1-SQRT(1-2*(J4*1000000/('Parametros'!$B$5*H4*U4^2))/(0.85*'Parametros'!$B$2)))*H4*U4) -> 734.025 | S4: 4 | T4: 1 | U4: =IF(T4=1,I4-('Parametros'!$B$7+'Parametros'!$B$9+'Parametros'!$B$12/2),I4-(ROUNDUP(S4/2,0)*('Parametros'!$B$7+'Parametros'!$B$9+'Parametros'!$B$12/2)+ROUNDDOWN(S4/2,0)*('Parametros'!$B$7+'Parametros'!$B$9+'Parametros'!$B$12/2+'Parametros'!$B$12+'Parametros'!$B$10))/S4) -> 489.35 | V4: =S4*'Parametros'!$B$8 -> 796 | W4: ='Parametros'!$B$5*V4*'Parametros'!$B$3*(U4-(V4*'Parametros'!$B$3/(0.85*'Parametros'!$B$2*H4))/2)/1000000 -> 142.54333 | X4: =IF(W4>=J4,"CUMPLE","NO CUMPLE") -> CUMPLE | Y4: =MAX(MAX(1.4/'Parametros'!$B$3,0.25*SQRT('Parametros'!$B$2)/'Parametros'!$B$3)*H4*AB4,(0.85*'Parametros'!$B$2/'Parametros'!$B$3)*(1-SQRT(1-2*(L4*1000000/('Parametros'!$B$5*H4*AB4^2))/(0.85*'Parametros'!$B$2)))*H4*AB4) -> 734.025 | Z4: 4 | AA4: 1 | AB4: =IF(AA4=1,I4-('Parametros'!$B$7+'Parametros'!$B$9+'Parametros'!$B$12/2),I4-(ROUNDUP(Z4/2,0)*('Parametros'!$B$7+'Parametros'!$B$9+'Parametros'!$B$12/2)+ROUNDDOWN(Z4/2,0)*('Parametros'!$B$7+'Parametros'!$B$9+'Parametros'!$B$12/2+'Parametros'!$B$12+'Parametros'!$B$10))/Z4) -> 489.35 | AC4: =Z4*'Parametros'!$B$8 -> 796 | AD4: ='Parametros'!$B$5*AC4*'Parametros'!$B$3*(AB4-(AC4*'Parametros'!$B$3/(0.85*'Parametros'!$B$2*H4))/2)/1000000 -> 142.54333 | AE4: =IF(AD4>=L4,"CUMPLE","NO CUMPLE") -> CUMPLE | AF4: =V4*1.25*'Parametros'!$B$3*(U4-(V4*1.25*'Parametros'!$B$3/(0.85*'Parametros'!$B$2*H4))/2)/1000000 -> 196.34622 | AG4: =AC4*1.25*'Parametros'!$B$3*(AB4-(AC4*1.25*'Parametros'!$B$3/(0.85*'Parametros'!$B$2*H4))/2)/1000000 -> 196.34622 | AH4: =N4+(AF4+AG4)/D4 -> 151.60527 | AI4: =MAX(O4,AH4) -> 151.60527 | AJ4: =0.17*SQRT('Parametros'!$B$2)*H4*MIN(U4,AB4)/1000 -> 198.08886 | AK4: =MAX(AI4/'Parametros'!$B$6-AJ4,0) -> 4.051498 | AL4: =0.66*SQRT('Parametros'!$B$2)*H4*MIN(U4,AB4)/1000 -> 769.05085 | AM4: =IF(AK4<=AL4,"CUMPLE","NO CUMPLE") -> CUMPLE | AN4: Nº3 cerrado | AO4: 2 | AP4: =ROUNDDOWN(MIN(IF(BC4+BD4=0,1000000000,AO4*BB4/(BC4+BD4)),MIN(U4,AB4)/4,8*'Parametros'!$B$12,24*BA4,300,IF(AV4=0,1000000000,2*((H4-2*('Parametros'!$B$7+'Parametros'!$B$9/2))+(I4-2*('Parametros'!$B$7+'Parametros'!$B$9/2)))/8))/10,0)*10 -> 120 | AQ4: =ROUNDDOWN(MIN(IF(BC4+BD4=0,1000000000,AO4*BB4/(BC4+BD4)),IF(AK4>0.33*SQRT('Parametros'!$B$2)*H4*MIN(U4,AB4)/1000,MIN(U4,AB4)/4,MIN(U4,AB4)/2),600,IF(AV4=0,1000000000,2*((H4-2*('Parametros'!$B$7+'Parametros'!$B$9/2))+(I4-2*('Parametros'!$B$7+'Parametros'!$B$9/2)))/8))/10,0)*10 -> 200 | AR4: ='Parametros'!$B$6*(AJ4+MAX(BE4-BD4,0)*'Parametros'!$B$4*MIN(U4,AB4)/1000) -> 284.38004 | AS4: =IF(AND(ISERROR(SEARCH("referencia",AN4)),AM4="CUMPLE",AR4>=AI4),"CUMPLE","NO CUMPLE") -> CUMPLE | AT4: ='Parametros'!$B$6*0.083*SQRT('Parametros'!$B$2)*(H4*I4)^2/(2*(H4+I4))/1000000 -> 10.088783 | AU4: =IF(Q4<=AT4,"DESPRECIABLE","DISEÑAR") -> DISEÑAR | AV4: =IF(Q4<=AT4,0,Q4*1000000/('Parametros'!$B$6*2*0.85*(H4-2*('Parametros'!$B$7+'Parametros'!$B$9/2))*(I4-2*('Parametros'!$B$7+'Parametros'!$B$9/2))*'Parametros'!$B$4)) -> 0.15112957 | AW4: =AV4*2*((H4-2*('Parametros'!$B$7+'Parametros'!$B$9/2))+(I4-2*('Parametros'!$B$7+'Parametros'!$B$9/2)))*'Parametros'!$B$4/'Parametros'!$B$3 -> 246.22029 | AX4: 8 | AY4: =IF(AV4=0,"DESPRECIABLE",IF(AND(ISERROR(SEARCH("referencia",AN4)),BB4/AP4>=AV4,BI4>=AW4,BH4="CUMPLE"),"CUMPLE","NO CUMPLE")) -> CUMPLE | AZ4: =IF(AND(X4="CUMPLE",AE4="CUMPLE",AS4="CUMPLE",OR(AY4="CUMPLE",AY4="DESPRECIABLE"),BH4="CUMPLE",BJ4="CUMPLE"),"CUMPLE","NO CUMPLE") -> CUMPLE | BA4: 9.5 | BB4: 71 | BC4: =MAX(IF(AK4=0,0,AK4*1000/('Parametros'!$B$4*MIN(U4,AB4))),MAX(0.062*SQRT('Parametros'!$B$2)*H4/'Parametros'!$B$4,0.35*H4/'Parametros'!$B$4)) -> 0.375 | BD4: =2*AV4 -> 0.30225914 | BE4: =AO4*BB4/AP4 -> 1.1833333 | BF4: =SQRT((AI4*1000/(H4*MIN(U4,AB4)))^2+(Q4*1000000*2*((H4-2*('Parametros'!$B$7+'Parametros'!$B$9/2))+(I4-2*('Parametros'!$B$7+'Parametros'!$B$9/2)))/(1.7*((H4-2*('Parametros'!$B$7+'Parametros'!$B$9/2))*(I4-2*('Parametros'!$B$7+'Parametros'!$B$9/2)))^2))^2) -> 0.83624462 | BG4: ='Parametros'!$B$6*(AJ4*1000/(H4*MIN(U4,AB4))+0.66*SQRT('Parametros'!$B$2)) -> 3.2939604 | BH4: =IF(BF4<=BG4,"CUMPLE","NO CUMPLE") -> CUMPLE | BI4: =AX4*'Parametros'!$B$8 -> 1592 | BJ4: =IF(BI4>=AW4,"CUMPLE","NO CUMPLE") -> CUMPLE
A5: VC1 | B5: 149 | C5: 1 | D5: 3.15 | E5: 3.15 | F5: 450 | G5: 550 | H5: 450 | I5: 550 | J5: 33.4239 | K5: 149 | L5: 21.6234 | M5: 149 | N5: 26.939 | O5: 74.041 | P5: 149 | Q5: 13.2232 | R5: =MAX(MAX(1.4/'Parametros'!$B$3,0.25*SQRT('Parametros'!$B$2)/'Parametros'!$B$3)*H5*U5,(0.85*'Parametros'!$B$2/'Parametros'!$B$3)*(1-SQRT(1-2*(J5*1000000/('Parametros'!$B$5*H5*U5^2))/(0.85*'Parametros'!$B$2)))*H5*U5) -> 734.025 | S5: 4 | T5: 1 | U5: =IF(T5=1,I5-('Parametros'!$B$7+'Parametros'!$B$9+'Parametros'!$B$12/2),I5-(ROUNDUP(S5/2,0)*('Parametros'!$B$7+'Parametros'!$B$9+'Parametros'!$B$12/2)+ROUNDDOWN(S5/2,0)*('Parametros'!$B$7+'Parametros'!$B$9+'Parametros'!$B$12/2+'Parametros'!$B$12+'Parametros'!$B$10))/S5) -> 489.35 | V5: =S5*'Parametros'!$B$8 -> 796 | W5: ='Parametros'!$B$5*V5*'Parametros'!$B$3*(U5-(V5*'Parametros'!$B$3/(0.85*'Parametros'!$B$2*H5))/2)/1000000 -> 142.54333 | X5: =IF(W5>=J5,"CUMPLE","NO CUMPLE") -> CUMPLE | Y5: =MAX(MAX(1.4/'Parametros'!$B$3,0.25*SQRT('Parametros'!$B$2)/'Parametros'!$B$3)*H5*AB5,(0.85*'Parametros'!$B$2/'Parametros'!$B$3)*(1-SQRT(1-2*(L5*1000000/('Parametros'!$B$5*H5*AB5^2))/(0.85*'Parametros'!$B$2)))*H5*AB5) -> 734.025 | Z5: 4 | AA5: 1 | AB5: =IF(AA5=1,I5-('Parametros'!$B$7+'Parametros'!$B$9+'Parametros'!$B$12/2),I5-(ROUNDUP(Z5/2,0)*('Parametros'!$B$7+'Parametros'!$B$9+'Parametros'!$B$12/2)+ROUNDDOWN(Z5/2,0)*('Parametros'!$B$7+'Parametros'!$B$9+'Parametros'!$B$12/2+'Parametros'!$B$12+'Parametros'!$B$10))/Z5) -> 489.35 | AC5: =Z5*'Parametros'!$B$8 -> 796 | AD5: ='Parametros'!$B$5*AC5*'Parametros'!$B$3*(AB5-(AC5*'Parametros'!$B$3/(0.85*'Parametros'!$B$2*H5))/2)/1000000 -> 142.54333 | AE5: =IF(AD5>=L5,"CUMPLE","NO CUMPLE") -> CUMPLE | AF5: =V5*1.25*'Parametros'!$B$3*(U5-(V5*1.25*'Parametros'!$B$3/(0.85*'Parametros'!$B$2*H5))/2)/1000000 -> 196.34622 | AG5: =AC5*1.25*'Parametros'!$B$3*(AB5-(AC5*1.25*'Parametros'!$B$3/(0.85*'Parametros'!$B$2*H5))/2)/1000000 -> 196.34622 | AH5: =N5+(AF5+AG5)/D5 -> 151.60327 | AI5: =MAX(O5,AH5) -> 151.60327 | AJ5: =0.17*SQRT('Parametros'!$B$2)*H5*MIN(U5,AB5)/1000 -> 198.08886 | AK5: =MAX(AI5/'Parametros'!$B$6-AJ5,0) -> 4.0488313 | AL5: =0.66*SQRT('Parametros'!$B$2)*H5*MIN(U5,AB5)/1000 -> 769.05085 | AM5: =IF(AK5<=AL5,"CUMPLE","NO CUMPLE") -> CUMPLE | AN5: Nº3 cerrado | AO5: 2 | AP5: =ROUNDDOWN(MIN(IF(BC5+BD5=0,1000000000,AO5*BB5/(BC5+BD5)),MIN(U5,AB5)/4,8*'Parametros'!$B$12,24*BA5,300,IF(AV5=0,1000000000,2*((H5-2*('Parametros'!$B$7+'Parametros'!$B$9/2))+(I5-2*('Parametros'!$B$7+'Parametros'!$B$9/2)))/8))/10,0)*10 -> 120 | AQ5: =ROUNDDOWN(MIN(IF(BC5+BD5=0,1000000000,AO5*BB5/(BC5+BD5)),IF(AK5>0.33*SQRT('Parametros'!$B$2)*H5*MIN(U5,AB5)/1000,MIN(U5,AB5)/4,MIN(U5,AB5)/2),600,IF(AV5=0,1000000000,2*((H5-2*('Parametros'!$B$7+'Parametros'!$B$9/2))+(I5-2*('Parametros'!$B$7+'Parametros'!$B$9/2)))/8))/10,0)*10 -> 200 | AR5: ='Parametros'!$B$6*(AJ5+MAX(BE5-BD5,0)*'Parametros'!$B$4*MIN(U5,AB5)/1000) -> 284.38075 | AS5: =IF(AND(ISERROR(SEARCH("referencia",AN5)),AM5="CUMPLE",AR5>=AI5),"CUMPLE","NO CUMPLE") -> CUMPLE | AT5: ='Parametros'!$B$6*0.083*SQRT('Parametros'!$B$2)*(H5*I5)^2/(2*(H5+I5))/1000000 -> 10.088783 | AU5: =IF(Q5<=AT5,"DESPRECIABLE","DISEÑAR") -> DISEÑAR | AV5: =IF(Q5<=AT5,0,Q5*1000000/('Parametros'!$B$6*2*0.85*(H5-2*('Parametros'!$B$7+'Parametros'!$B$9/2))*(I5-2*('Parametros'!$B$7+'Parametros'!$B$9/2))*'Parametros'!$B$4)) -> 0.15112728 | AW5: =AV5*2*((H5-2*('Parametros'!$B$7+'Parametros'!$B$9/2))+(I5-2*('Parametros'!$B$7+'Parametros'!$B$9/2)))*'Parametros'!$B$4/'Parametros'!$B$3 -> 246.21657 | AX5: 8 | AY5: =IF(AV5=0,"DESPRECIABLE",IF(AND(ISERROR(SEARCH("referencia",AN5)),BB5/AP5>=AV5,BI5>=AW5,BH5="CUMPLE"),"CUMPLE","NO CUMPLE")) -> CUMPLE | AZ5: =IF(AND(X5="CUMPLE",AE5="CUMPLE",AS5="CUMPLE",OR(AY5="CUMPLE",AY5="DESPRECIABLE"),BH5="CUMPLE",BJ5="CUMPLE"),"CUMPLE","NO CUMPLE") -> CUMPLE | BA5: 9.5 | BB5: 71 | BC5: =MAX(IF(AK5=0,0,AK5*1000/('Parametros'!$B$4*MIN(U5,AB5))),MAX(0.062*SQRT('Parametros'!$B$2)*H5/'Parametros'!$B$4,0.35*H5/'Parametros'!$B$4)) -> 0.375 | BD5: =2*AV5 -> 0.30225457 | BE5: =AO5*BB5/AP5 -> 1.1833333 | BF5: =SQRT((AI5*1000/(H5*MIN(U5,AB5)))^2+(Q5*1000000*2*((H5-2*('Parametros'!$B$7+'Parametros'!$B$9/2))+(I5-2*('Parametros'!$B$7+'Parametros'!$B$9/2)))/(1.7*((H5-2*('Parametros'!$B$7+'Parametros'!$B$9/2))*(I5-2*('Parametros'!$B$7+'Parametros'!$B$9/2)))^2))^2) -> 0.83623306 | BG5: ='Parametros'!$B$6*(AJ5*1000/(H5*MIN(U5,AB5))+0.66*SQRT('Parametros'!$B$2)) -> 3.2939604 | BH5: =IF(BF5<=BG5,"CUMPLE","NO CUMPLE") -> CUMPLE | BI5: =AX5*'Parametros'!$B$8 -> 1592 | BJ5: =IF(BI5>=AW5,"CUMPLE","NO CUMPLE") -> CUMPLE
A6: VC1 | B6: 153 | C6: 1 | D6: 3.15 | E6: 3.15 | F6: 450 | G6: 550 | H6: 450 | I6: 550 | J6: 33.4252 | K6: 153 | L6: 21.6236 | M6: 153 | N6: 26.94 | O6: 74.043 | P6: 153 | Q6: 13.2232 | R6: =MAX(MAX(1.4/'Parametros'!$B$3,0.25*SQRT('Parametros'!$B$2)/'Parametros'!$B$3)*H6*U6,(0.85*'Parametros'!$B$2/'Parametros'!$B$3)*(1-SQRT(1-2*(J6*1000000/('Parametros'!$B$5*H6*U6^2))/(0.85*'Parametros'!$B$2)))*H6*U6) -> 734.025 | S6: 4 | T6: 1 | U6: =IF(T6=1,I6-('Parametros'!$B$7+'Parametros'!$B$9+'Parametros'!$B$12/2),I6-(ROUNDUP(S6/2,0)*('Parametros'!$B$7+'Parametros'!$B$9+'Parametros'!$B$12/2)+ROUNDDOWN(S6/2,0)*('Parametros'!$B$7+'Parametros'!$B$9+'Parametros'!$B$12/2+'Parametros'!$B$12+'Parametros'!$B$10))/S6) -> 489.35 | V6: =S6*'Parametros'!$B$8 -> 796 | W6: ='Parametros'!$B$5*V6*'Parametros'!$B$3*(U6-(V6*'Parametros'!$B$3/(0.85*'Parametros'!$B$2*H6))/2)/1000000 -> 142.54333 | X6: =IF(W6>=J6,"CUMPLE","NO CUMPLE") -> CUMPLE | Y6: =MAX(MAX(1.4/'Parametros'!$B$3,0.25*SQRT('Parametros'!$B$2)/'Parametros'!$B$3)*H6*AB6,(0.85*'Parametros'!$B$2/'Parametros'!$B$3)*(1-SQRT(1-2*(L6*1000000/('Parametros'!$B$5*H6*AB6^2))/(0.85*'Parametros'!$B$2)))*H6*AB6) -> 734.025 | Z6: 4 | AA6: 1 | AB6: =IF(AA6=1,I6-('Parametros'!$B$7+'Parametros'!$B$9+'Parametros'!$B$12/2),I6-(ROUNDUP(Z6/2,0)*('Parametros'!$B$7+'Parametros'!$B$9+'Parametros'!$B$12/2)+ROUNDDOWN(Z6/2,0)*('Parametros'!$B$7+'Parametros'!$B$9+'Parametros'!$B$12/2+'Parametros'!$B$12+'Parametros'!$B$10))/Z6) -> 489.35 | AC6: =Z6*'Parametros'!$B$8 -> 796 | AD6: ='Parametros'!$B$5*AC6*'Parametros'!$B$3*(AB6-(AC6*'Parametros'!$B$3/(0.85*'Parametros'!$B$2*H6))/2)/1000000 -> 142.54333 | AE6: =IF(AD6>=L6,"CUMPLE","NO CUMPLE") -> CUMPLE | AF6: =V6*1.25*'Parametros'!$B$3*(U6-(V6*1.25*'Parametros'!$B$3/(0.85*'Parametros'!$B$2*H6))/2)/1000000 -> 196.34622 | AG6: =AC6*1.25*'Parametros'!$B$3*(AB6-(AC6*1.25*'Parametros'!$B$3/(0.85*'Parametros'!$B$2*H6))/2)/1000000 -> 196.34622 | AH6: =N6+(AF6+AG6)/D6 -> 151.60427 | AI6: =MAX(O6,AH6) -> 151.60427 | AJ6: =0.17*SQRT('Parametros'!$B$2)*H6*MIN(U6,AB6)/1000 -> 198.08886 | AK6: =MAX(AI6/'Parametros'!$B$6-AJ6,0) -> 4.0501647 | AL6: =0.66*SQRT('Parametros'!$B$2)*H6*MIN(U6,AB6)/1000 -> 769.05085 | AM6: =IF(AK6<=AL6,"CUMPLE","NO CUMPLE") -> CUMPLE | AN6: Nº3 cerrado | AO6: 2 | AP6: =ROUNDDOWN(MIN(IF(BC6+BD6=0,1000000000,AO6*BB6/(BC6+BD6)),MIN(U6,AB6)/4,8*'Parametros'!$B$12,24*BA6,300,IF(AV6=0,1000000000,2*((H6-2*('Parametros'!$B$7+'Parametros'!$B$9/2))+(I6-2*('Parametros'!$B$7+'Parametros'!$B$9/2)))/8))/10,0)*10 -> 120 | AQ6: =ROUNDDOWN(MIN(IF(BC6+BD6=0,1000000000,AO6*BB6/(BC6+BD6)),IF(AK6>0.33*SQRT('Parametros'!$B$2)*H6*MIN(U6,AB6)/1000,MIN(U6,AB6)/4,MIN(U6,AB6)/2),600,IF(AV6=0,1000000000,2*((H6-2*('Parametros'!$B$7+'Parametros'!$B$9/2))+(I6-2*('Parametros'!$B$7+'Parametros'!$B$9/2)))/8))/10,0)*10 -> 200 | AR6: ='Parametros'!$B$6*(AJ6+MAX(BE6-BD6,0)*'Parametros'!$B$4*MIN(U6,AB6)/1000) -> 284.38075 | AS6: =IF(AND(ISERROR(SEARCH("referencia",AN6)),AM6="CUMPLE",AR6>=AI6),"CUMPLE","NO CUMPLE") -> CUMPLE | AT6: ='Parametros'!$B$6*0.083*SQRT('Parametros'!$B$2)*(H6*I6)^2/(2*(H6+I6))/1000000 -> 10.088783 | AU6: =IF(Q6<=AT6,"DESPRECIABLE","DISEÑAR") -> DISEÑAR | AV6: =IF(Q6<=AT6,0,Q6*1000000/('Parametros'!$B$6*2*0.85*(H6-2*('Parametros'!$B$7+'Parametros'!$B$9/2))*(I6-2*('Parametros'!$B$7+'Parametros'!$B$9/2))*'Parametros'!$B$4)) -> 0.15112728 | AW6: =AV6*2*((H6-2*('Parametros'!$B$7+'Parametros'!$B$9/2))+(I6-2*('Parametros'!$B$7+'Parametros'!$B$9/2)))*'Parametros'!$B$4/'Parametros'!$B$3 -> 246.21657 | AX6: 8 | AY6: =IF(AV6=0,"DESPRECIABLE",IF(AND(ISERROR(SEARCH("referencia",AN6)),BB6/AP6>=AV6,BI6>=AW6,BH6="CUMPLE"),"CUMPLE","NO CUMPLE")) -> CUMPLE | AZ6: =IF(AND(X6="CUMPLE",AE6="CUMPLE",AS6="CUMPLE",OR(AY6="CUMPLE",AY6="DESPRECIABLE"),BH6="CUMPLE",BJ6="CUMPLE"),"CUMPLE","NO CUMPLE") -> CUMPLE | BA6: 9.5 | BB6: 71 | BC6: =MAX(IF(AK6=0,0,AK6*1000/('Parametros'!$B$4*MIN(U6,AB6))),MAX(0.062*SQRT('Parametros'!$B$2)*H6/'Parametros'!$B$4,0.35*H6/'Parametros'!$B$4)) -> 0.375 | BD6: =2*AV6 -> 0.30225457 | BE6: =AO6*BB6/AP6 -> 1.1833333 | BF6: =SQRT((AI6*1000/(H6*MIN(U6,AB6)))^2+(Q6*1000000*2*((H6-2*('Parametros'!$B$7+'Parametros'!$B$9/2))+(I6-2*('Parametros'!$B$7+'Parametros'!$B$9/2)))/(1.7*((H6-2*('Parametros'!$B$7+'Parametros'!$B$9/2))*(I6-2*('Parametros'!$B$7+'Parametros'!$B$9/2)))^2))^2) -> 0.8362368 | BG6: ='Parametros'!$B$6*(AJ6*1000/(H6*MIN(U6,AB6))+0.66*SQRT('Parametros'!$B$2)) -> 3.2939604 | BH6: =IF(BF6<=BG6,"CUMPLE","NO CUMPLE") -> CUMPLE | BI6: =AX6*'Parametros'!$B$8 -> 1592 | BJ6: =IF(BI6>=AW6,"CUMPLE","NO CUMPLE") -> CUMPLE
A7: VC1 | B7: 154 | C7: 1 | D7: 3.15 | E7: 3.15 | F7: 450 | G7: 550 | H7: 450 | I7: 550 | J7: 33.4292 | K7: 154 | L7: 21.6211 | M7: 154 | N7: 26.942 | O7: 74.045 | P7: 154 | Q7: 13.2234 | R7: =MAX(MAX(1.4/'Parametros'!$B$3,0.25*SQRT('Parametros'!$B$2)/'Parametros'!$B$3)*H7*U7,(0.85*'Parametros'!$B$2/'Parametros'!$B$3)*(1-SQRT(1-2*(J7*1000000/('Parametros'!$B$5*H7*U7^2))/(0.85*'Parametros'!$B$2)))*H7*U7) -> 734.025 | S7: 4 | T7: 1 | U7: =IF(T7=1,I7-('Parametros'!$B$7+'Parametros'!$B$9+'Parametros'!$B$12/2),I7-(ROUNDUP(S7/2,0)*('Parametros'!$B$7+'Parametros'!$B$9+'Parametros'!$B$12/2)+ROUNDDOWN(S7/2,0)*('Parametros'!$B$7+'Parametros'!$B$9+'Parametros'!$B$12/2+'Parametros'!$B$12+'Parametros'!$B$10))/S7) -> 489.35 | V7: =S7*'Parametros'!$B$8 -> 796 | W7: ='Parametros'!$B$5*V7*'Parametros'!$B$3*(U7-(V7*'Parametros'!$B$3/(0.85*'Parametros'!$B$2*H7))/2)/1000000 -> 142.54333 | X7: =IF(W7>=J7,"CUMPLE","NO CUMPLE") -> CUMPLE | Y7: =MAX(MAX(1.4/'Parametros'!$B$3,0.25*SQRT('Parametros'!$B$2)/'Parametros'!$B$3)*H7*AB7,(0.85*'Parametros'!$B$2/'Parametros'!$B$3)*(1-SQRT(1-2*(L7*1000000/('Parametros'!$B$5*H7*AB7^2))/(0.85*'Parametros'!$B$2)))*H7*AB7) -> 734.025 | Z7: 4 | AA7: 1 | AB7: =IF(AA7=1,I7-('Parametros'!$B$7+'Parametros'!$B$9+'Parametros'!$B$12/2),I7-(ROUNDUP(Z7/2,0)*('Parametros'!$B$7+'Parametros'!$B$9+'Parametros'!$B$12/2)+ROUNDDOWN(Z7/2,0)*('Parametros'!$B$7+'Parametros'!$B$9+'Parametros'!$B$12/2+'Parametros'!$B$12+'Parametros'!$B$10))/Z7) -> 489.35 | AC7: =Z7*'Parametros'!$B$8 -> 796 | AD7: ='Parametros'!$B$5*AC7*'Parametros'!$B$3*(AB7-(AC7*'Parametros'!$B$3/(0.85*'Parametros'!$B$2*H7))/2)/1000000 -> 142.54333 | AE7: =IF(AD7>=L7,"CUMPLE","NO CUMPLE") -> CUMPLE | AF7: =V7*1.25*'Parametros'!$B$3*(U7-(V7*1.25*'Parametros'!$B$3/(0.85*'Parametros'!$B$2*H7))/2)/1000000 -> 196.34622 | AG7: =AC7*1.25*'Parametros'!$B$3*(AB7-(AC7*1.25*'Parametros'!$B$3/(0.85*'Parametros'!$B$2*H7))/2)/1000000 -> 196.34622 | AH7: =N7+(AF7+AG7)/D7 -> 151.60627 | AI7: =MAX(O7,AH7) -> 151.60627 | AJ7: =0.17*SQRT('Parametros'!$B$2)*H7*MIN(U7,AB7)/1000 -> 198.08886 | AK7: =MAX(AI7/'Parametros'!$B$6-AJ7,0) -> 4.0528313 | AL7: =0.66*SQRT('Parametros'!$B$2)*H7*MIN(U7,AB7)/1000 -> 769.05085 | AM7: =IF(AK7<=AL7,"CUMPLE","NO CUMPLE") -> CUMPLE | AN7: Nº3 cerrado | AO7: 2 | AP7: =ROUNDDOWN(MIN(IF(BC7+BD7=0,1000000000,AO7*BB7/(BC7+BD7)),MIN(U7,AB7)/4,8*'Parametros'!$B$12,24*BA7,300,IF(AV7=0,1000000000,2*((H7-2*('Parametros'!$B$7+'Parametros'!$B$9/2))+(I7-2*('Parametros'!$B$7+'Parametros'!$B$9/2)))/8))/10,0)*10 -> 120 | AQ7: =ROUNDDOWN(MIN(IF(BC7+BD7=0,1000000000,AO7*BB7/(BC7+BD7)),IF(AK7>0.33*SQRT('Parametros'!$B$2)*H7*MIN(U7,AB7)/1000,MIN(U7,AB7)/4,MIN(U7,AB7)/2),600,IF(AV7=0,1000000000,2*((H7-2*('Parametros'!$B$7+'Parametros'!$B$9/2))+(I7-2*('Parametros'!$B$7+'Parametros'!$B$9/2)))/8))/10,0)*10 -> 200 | AR7: ='Parametros'!$B$6*(AJ7+MAX(BE7-BD7,0)*'Parametros'!$B$4*MIN(U7,AB7)/1000) -> 284.38004 | AS7: =IF(AND(ISERROR(SEARCH("referencia",AN7)),AM7="CUMPLE",AR7>=AI7),"CUMPLE","NO CUMPLE") -> CUMPLE | AT7: ='Parametros'!$B$6*0.083*SQRT('Parametros'!$B$2)*(H7*I7)^2/(2*(H7+I7))/1000000 -> 10.088783 | AU7: =IF(Q7<=AT7,"DESPRECIABLE","DISEÑAR") -> DISEÑAR | AV7: =IF(Q7<=AT7,0,Q7*1000000/('Parametros'!$B$6*2*0.85*(H7-2*('Parametros'!$B$7+'Parametros'!$B$9/2))*(I7-2*('Parametros'!$B$7+'Parametros'!$B$9/2))*'Parametros'!$B$4)) -> 0.15112957 | AW7: =AV7*2*((H7-2*('Parametros'!$B$7+'Parametros'!$B$9/2))+(I7-2*('Parametros'!$B$7+'Parametros'!$B$9/2)))*'Parametros'!$B$4/'Parametros'!$B$3 -> 246.22029 | AX7: 8 | AY7: =IF(AV7=0,"DESPRECIABLE",IF(AND(ISERROR(SEARCH("referencia",AN7)),BB7/AP7>=AV7,BI7>=AW7,BH7="CUMPLE"),"CUMPLE","NO CUMPLE")) -> CUMPLE | AZ7: =IF(AND(X7="CUMPLE",AE7="CUMPLE",AS7="CUMPLE",OR(AY7="CUMPLE",AY7="DESPRECIABLE"),BH7="CUMPLE",BJ7="CUMPLE"),"CUMPLE","NO CUMPLE") -> CUMPLE | BA7: 9.5 | BB7: 71 | BC7: =MAX(IF(AK7=0,0,AK7*1000/('Parametros'!$B$4*MIN(U7,AB7))),MAX(0.062*SQRT('Parametros'!$B$2)*H7/'Parametros'!$B$4,0.35*H7/'Parametros'!$B$4)) -> 0.375 | BD7: =2*AV7 -> 0.30225914 | BE7: =AO7*BB7/AP7 -> 1.1833333 | BF7: =SQRT((AI7*1000/(H7*MIN(U7,AB7)))^2+(Q7*1000000*2*((H7-2*('Parametros'!$B$7+'Parametros'!$B$9/2))+(I7-2*('Parametros'!$B$7+'Parametros'!$B$9/2)))/(1.7*((H7-2*('Parametros'!$B$7+'Parametros'!$B$9/2))*(I7-2*('Parametros'!$B$7+'Parametros'!$B$9/2)))^2))^2) -> 0.83624835 | BG7: ='Parametros'!$B$6*(AJ7*1000/(H7*MIN(U7,AB7))+0.66*SQRT('Parametros'!$B$2)) -> 3.2939604 | BH7: =IF(BF7<=BG7,"CUMPLE","NO CUMPLE") -> CUMPLE | BI7: =AX7*'Parametros'!$B$8 -> 1592 | BJ7: =IF(BI7>=AW7,"CUMPLE","NO CUMPLE") -> CUMPLE
A8: VC1 | B8: 158 | C8: 1 | D8: 3.15 | E8: 3.15 | F8: 450 | G8: 550 | H8: 450 | I8: 550 | J8: 33.2051 | K8: 158 | L8: 20.6356 | M8: 158 | N8: 27.305 | O8: 72.901 | P8: 158 | Q8: 12.0746 | R8: =MAX(MAX(1.4/'Parametros'!$B$3,0.25*SQRT('Parametros'!$B$2)/'Parametros'!$B$3)*H8*U8,(0.85*'Parametros'!$B$2/'Parametros'!$B$3)*(1-SQRT(1-2*(J8*1000000/('Parametros'!$B$5*H8*U8^2))/(0.85*'Parametros'!$B$2)))*H8*U8) -> 734.025 | S8: 4 | T8: 1 | U8: =IF(T8=1,I8-('Parametros'!$B$7+'Parametros'!$B$9+'Parametros'!$B$12/2),I8-(ROUNDUP(S8/2,0)*('Parametros'!$B$7+'Parametros'!$B$9+'Parametros'!$B$12/2)+ROUNDDOWN(S8/2,0)*('Parametros'!$B$7+'Parametros'!$B$9+'Parametros'!$B$12/2+'Parametros'!$B$12+'Parametros'!$B$10))/S8) -> 489.35 | V8: =S8*'Parametros'!$B$8 -> 796 | W8: ='Parametros'!$B$5*V8*'Parametros'!$B$3*(U8-(V8*'Parametros'!$B$3/(0.85*'Parametros'!$B$2*H8))/2)/1000000 -> 142.54333 | X8: =IF(W8>=J8,"CUMPLE","NO CUMPLE") -> CUMPLE | Y8: =MAX(MAX(1.4/'Parametros'!$B$3,0.25*SQRT('Parametros'!$B$2)/'Parametros'!$B$3)*H8*AB8,(0.85*'Parametros'!$B$2/'Parametros'!$B$3)*(1-SQRT(1-2*(L8*1000000/('Parametros'!$B$5*H8*AB8^2))/(0.85*'Parametros'!$B$2)))*H8*AB8) -> 734.025 | Z8: 4 | AA8: 1 | AB8: =IF(AA8=1,I8-('Parametros'!$B$7+'Parametros'!$B$9+'Parametros'!$B$12/2),I8-(ROUNDUP(Z8/2,0)*('Parametros'!$B$7+'Parametros'!$B$9+'Parametros'!$B$12/2)+ROUNDDOWN(Z8/2,0)*('Parametros'!$B$7+'Parametros'!$B$9+'Parametros'!$B$12/2+'Parametros'!$B$12+'Parametros'!$B$10))/Z8) -> 489.35 | AC8: =Z8*'Parametros'!$B$8 -> 796 | AD8: ='Parametros'!$B$5*AC8*'Parametros'!$B$3*(AB8-(AC8*'Parametros'!$B$3/(0.85*'Parametros'!$B$2*H8))/2)/1000000 -> 142.54333 | AE8: =IF(AD8>=L8,"CUMPLE","NO CUMPLE") -> CUMPLE | AF8: =V8*1.25*'Parametros'!$B$3*(U8-(V8*1.25*'Parametros'!$B$3/(0.85*'Parametros'!$B$2*H8))/2)/1000000 -> 196.34622 | AG8: =AC8*1.25*'Parametros'!$B$3*(AB8-(AC8*1.25*'Parametros'!$B$3/(0.85*'Parametros'!$B$2*H8))/2)/1000000 -> 196.34622 | AH8: =N8+(AF8+AG8)/D8 -> 151.96927 | AI8: =MAX(O8,AH8) -> 151.96927 | AJ8: =0.17*SQRT('Parametros'!$B$2)*H8*MIN(U8,AB8)/1000 -> 198.08886 | AK8: =MAX(AI8/'Parametros'!$B$6-AJ8,0) -> 4.5368313 | AL8: =0.66*SQRT('Parametros'!$B$2)*H8*MIN(U8,AB8)/1000 -> 769.05085 | AM8: =IF(AK8<=AL8,"CUMPLE","NO CUMPLE") -> CUMPLE | AN8: Nº3 cerrado | AO8: 2 | AP8: =ROUNDDOWN(MIN(IF(BC8+BD8=0,1000000000,AO8*BB8/(BC8+BD8)),MIN(U8,AB8)/4,8*'Parametros'!$B$12,24*BA8,300,IF(AV8=0,1000000000,2*((H8-2*('Parametros'!$B$7+'Parametros'!$B$9/2))+(I8-2*('Parametros'!$B$7+'Parametros'!$B$9/2)))/8))/10,0)*10 -> 120 | AQ8: =ROUNDDOWN(MIN(IF(BC8+BD8=0,1000000000,AO8*BB8/(BC8+BD8)),IF(AK8>0.33*SQRT('Parametros'!$B$2)*H8*MIN(U8,AB8)/1000,MIN(U8,AB8)/4,MIN(U8,AB8)/2),600,IF(AV8=0,1000000000,2*((H8-2*('Parametros'!$B$7+'Parametros'!$B$9/2))+(I8-2*('Parametros'!$B$7+'Parametros'!$B$9/2)))/8))/10,0)*10 -> 200 | AR8: ='Parametros'!$B$6*(AJ8+MAX(BE8-BD8,0)*'Parametros'!$B$4*MIN(U8,AB8)/1000) -> 288.42777 | AS8: =IF(AND(ISERROR(SEARCH("referencia",AN8)),AM8="CUMPLE",AR8>=AI8),"CUMPLE","NO CUMPLE") -> CUMPLE | AT8: ='Parametros'!$B$6*0.083*SQRT('Parametros'!$B$2)*(H8*I8)^2/(2*(H8+I8))/1000000 -> 10.088783 | AU8: =IF(Q8<=AT8,"DESPRECIABLE","DISEÑAR") -> DISEÑAR | AV8: =IF(Q8<=AT8,0,Q8*1000000/('Parametros'!$B$6*2*0.85*(H8-2*('Parametros'!$B$7+'Parametros'!$B$9/2))*(I8-2*('Parametros'!$B$7+'Parametros'!$B$9/2))*'Parametros'!$B$4)) -> 0.13799999 | AW8: =AV8*2*((H8-2*('Parametros'!$B$7+'Parametros'!$B$9/2))+(I8-2*('Parametros'!$B$7+'Parametros'!$B$9/2)))*'Parametros'!$B$4/'Parametros'!$B$3 -> 224.82959 | AX8: 8 | AY8: =IF(AV8=0,"DESPRECIABLE",IF(AND(ISERROR(SEARCH("referencia",AN8)),BB8/AP8>=AV8,BI8>=AW8,BH8="CUMPLE"),"CUMPLE","NO CUMPLE")) -> CUMPLE | AZ8: =IF(AND(X8="CUMPLE",AE8="CUMPLE",AS8="CUMPLE",OR(AY8="CUMPLE",AY8="DESPRECIABLE"),BH8="CUMPLE",BJ8="CUMPLE"),"CUMPLE","NO CUMPLE") -> CUMPLE | BA8: 9.5 | BB8: 71 | BC8: =MAX(IF(AK8=0,0,AK8*1000/('Parametros'!$B$4*MIN(U8,AB8))),MAX(0.062*SQRT('Parametros'!$B$2)*H8/'Parametros'!$B$4,0.35*H8/'Parametros'!$B$4)) -> 0.375 | BD8: =2*AV8 -> 0.27599998 | BE8: =AO8*BB8/AP8 -> 1.1833333 | BF8: =SQRT((AI8*1000/(H8*MIN(U8,AB8)))^2+(Q8*1000000*2*((H8-2*('Parametros'!$B$7+'Parametros'!$B$9/2))+(I8-2*('Parametros'!$B$7+'Parametros'!$B$9/2)))/(1.7*((H8-2*('Parametros'!$B$7+'Parametros'!$B$9/2))*(I8-2*('Parametros'!$B$7+'Parametros'!$B$9/2)))^2))^2) -> 0.81494445 | BG8: ='Parametros'!$B$6*(AJ8*1000/(H8*MIN(U8,AB8))+0.66*SQRT('Parametros'!$B$2)) -> 3.2939604 | BH8: =IF(BF8<=BG8,"CUMPLE","NO CUMPLE") -> CUMPLE | BI8: =AX8*'Parametros'!$B$8 -> 1592 | BJ8: =IF(BI8>=AW8,"CUMPLE","NO CUMPLE") -> CUMPLE
A9: VC1 | B9: 159 | C9: 1 | D9: 3.15 | E9: 3.15 | F9: 450 | G9: 550 | H9: 450 | I9: 550 | J9: 33.2098 | K9: 159 | L9: 20.6328 | M9: 159 | N9: 27.307 | O9: 72.903 | P9: 159 | Q9: 12.0748 | R9: =MAX(MAX(1.4/'Parametros'!$B$3,0.25*SQRT('Parametros'!$B$2)/'Parametros'!$B$3)*H9*U9,(0.85*'Parametros'!$B$2/'Parametros'!$B$3)*(1-SQRT(1-2*(J9*1000000/('Parametros'!$B$5*H9*U9^2))/(0.85*'Parametros'!$B$2)))*H9*U9) -> 734.025 | S9: 4 | T9: 1 | U9: =IF(T9=1,I9-('Parametros'!$B$7+'Parametros'!$B$9+'Parametros'!$B$12/2),I9-(ROUNDUP(S9/2,0)*('Parametros'!$B$7+'Parametros'!$B$9+'Parametros'!$B$12/2)+ROUNDDOWN(S9/2,0)*('Parametros'!$B$7+'Parametros'!$B$9+'Parametros'!$B$12/2+'Parametros'!$B$12+'Parametros'!$B$10))/S9) -> 489.35 | V9: =S9*'Parametros'!$B$8 -> 796 | W9: ='Parametros'!$B$5*V9*'Parametros'!$B$3*(U9-(V9*'Parametros'!$B$3/(0.85*'Parametros'!$B$2*H9))/2)/1000000 -> 142.54333 | X9: =IF(W9>=J9,"CUMPLE","NO CUMPLE") -> CUMPLE | Y9: =MAX(MAX(1.4/'Parametros'!$B$3,0.25*SQRT('Parametros'!$B$2)/'Parametros'!$B$3)*H9*AB9,(0.85*'Parametros'!$B$2/'Parametros'!$B$3)*(1-SQRT(1-2*(L9*1000000/('Parametros'!$B$5*H9*AB9^2))/(0.85*'Parametros'!$B$2)))*H9*AB9) -> 734.025 | Z9: 4 | AA9: 1 | AB9: =IF(AA9=1,I9-('Parametros'!$B$7+'Parametros'!$B$9+'Parametros'!$B$12/2),I9-(ROUNDUP(Z9/2,0)*('Parametros'!$B$7+'Parametros'!$B$9+'Parametros'!$B$12/2)+ROUNDDOWN(Z9/2,0)*('Parametros'!$B$7+'Parametros'!$B$9+'Parametros'!$B$12/2+'Parametros'!$B$12+'Parametros'!$B$10))/Z9) -> 489.35 | AC9: =Z9*'Parametros'!$B$8 -> 796 | AD9: ='Parametros'!$B$5*AC9*'Parametros'!$B$3*(AB9-(AC9*'Parametros'!$B$3/(0.85*'Parametros'!$B$2*H9))/2)/1000000 -> 142.54333 | AE9: =IF(AD9>=L9,"CUMPLE","NO CUMPLE") -> CUMPLE | AF9: =V9*1.25*'Parametros'!$B$3*(U9-(V9*1.25*'Parametros'!$B$3/(0.85*'Parametros'!$B$2*H9))/2)/1000000 -> 196.34622 | AG9: =AC9*1.25*'Parametros'!$B$3*(AB9-(AC9*1.25*'Parametros'!$B$3/(0.85*'Parametros'!$B$2*H9))/2)/1000000 -> 196.34622 | AH9: =N9+(AF9+AG9)/D9 -> 151.97127 | AI9: =MAX(O9,AH9) -> 151.97127 | AJ9: =0.17*SQRT('Parametros'!$B$2)*H9*MIN(U9,AB9)/1000 -> 198.08886 | AK9: =MAX(AI9/'Parametros'!$B$6-AJ9,0) -> 4.539498 | AL9: =0.66*SQRT('Parametros'!$B$2)*H9*MIN(U9,AB9)/1000 -> 769.05085 | AM9: =IF(AK9<=AL9,"CUMPLE","NO CUMPLE") -> CUMPLE | AN9: Nº3 cerrado | AO9: 2 | AP9: =ROUNDDOWN(MIN(IF(BC9+BD9=0,1000000000,AO9*BB9/(BC9+BD9)),MIN(U9,AB9)/4,8*'Parametros'!$B$12,24*BA9,300,IF(AV9=0,1000000000,2*((H9-2*('Parametros'!$B$7+'Parametros'!$B$9/2))+(I9-2*('Parametros'!$B$7+'Parametros'!$B$9/2)))/8))/10,0)*10 -> 120 | AQ9: =ROUNDDOWN(MIN(IF(BC9+BD9=0,1000000000,AO9*BB9/(BC9+BD9)),IF(AK9>0.33*SQRT('Parametros'!$B$2)*H9*MIN(U9,AB9)/1000,MIN(U9,AB9)/4,MIN(U9,AB9)/2),600,IF(AV9=0,1000000000,2*((H9-2*('Parametros'!$B$7+'Parametros'!$B$9/2))+(I9-2*('Parametros'!$B$7+'Parametros'!$B$9/2)))/8))/10,0)*10 -> 200 | AR9: ='Parametros'!$B$6*(AJ9+MAX(BE9-BD9,0)*'Parametros'!$B$4*MIN(U9,AB9)/1000) -> 288.42706 | AS9: =IF(AND(ISERROR(SEARCH("referencia",AN9)),AM9="CUMPLE",AR9>=AI9),"CUMPLE","NO CUMPLE") -> CUMPLE | AT9: ='Parametros'!$B$6*0.083*SQRT('Parametros'!$B$2)*(H9*I9)^2/(2*(H9+I9))/1000000 -> 10.088783 | AU9: =IF(Q9<=AT9,"DESPRECIABLE","DISEÑAR") -> DISEÑAR | AV9: =IF(Q9<=AT9,0,Q9*1000000/('Parametros'!$B$6*2*0.85*(H9-2*('Parametros'!$B$7+'Parametros'!$B$9/2))*(I9-2*('Parametros'!$B$7+'Parametros'!$B$9/2))*'Parametros'!$B$4)) -> 0.13800228 | AW9: =AV9*2*((H9-2*('Parametros'!$B$7+'Parametros'!$B$9/2))+(I9-2*('Parametros'!$B$7+'Parametros'!$B$9/2)))*'Parametros'!$B$4/'Parametros'!$B$3 -> 224.83331 | AX9: 8 | AY9: =IF(AV9=0,"DESPRECIABLE",IF(AND(ISERROR(SEARCH("referencia",AN9)),BB9/AP9>=AV9,BI9>=AW9,BH9="CUMPLE"),"CUMPLE","NO CUMPLE")) -> CUMPLE | AZ9: =IF(AND(X9="CUMPLE",AE9="CUMPLE",AS9="CUMPLE",OR(AY9="CUMPLE",AY9="DESPRECIABLE"),BH9="CUMPLE",BJ9="CUMPLE"),"CUMPLE","NO CUMPLE") -> CUMPLE | BA9: 9.5 | BB9: 71 | BC9: =MAX(IF(AK9=0,0,AK9*1000/('Parametros'!$B$4*MIN(U9,AB9))),MAX(0.062*SQRT('Parametros'!$B$2)*H9/'Parametros'!$B$4,0.35*H9/'Parametros'!$B$4)) -> 0.375 | BD9: =2*AV9 -> 0.27600455 | BE9: =AO9*BB9/AP9 -> 1.1833333 | BF9: =SQRT((AI9*1000/(H9*MIN(U9,AB9)))^2+(Q9*1000000*2*((H9-2*('Parametros'!$B$7+'Parametros'!$B$9/2))+(I9-2*('Parametros'!$B$7+'Parametros'!$B$9/2)))/(1.7*((H9-2*('Parametros'!$B$7+'Parametros'!$B$9/2))*(I9-2*('Parametros'!$B$7+'Parametros'!$B$9/2)))^2))^2) -> 0.81495596 | BG9: ='Parametros'!$B$6*(AJ9*1000/(H9*MIN(U9,AB9))+0.66*SQRT('Parametros'!$B$2)) -> 3.2939604 | BH9: =IF(BF9<=BG9,"CUMPLE","NO CUMPLE") -> CUMPLE | BI9: =AX9*'Parametros'!$B$8 -> 1592 | BJ9: =IF(BI9>=AW9,"CUMPLE","NO CUMPLE") -> CUMPLE
A10: VC1 | B10: 163 | C10: 1 | D10: 3.15 | E10: 3.15 | F10: 450 | G10: 550 | H10: 450 | I10: 550 | J10: 27.9522 | K10: 163 | L10: 18.2914 | M10: 163 | N10: 25.453 | O10: 61.154 | P10: 163 | Q10: 9.923 | R10: =MAX(MAX(1.4/'Parametros'!$B$3,0.25*SQRT('Parametros'!$B$2)/'Parametros'!$B$3)*H10*U10,(0.85*'Parametros'!$B$2/'Parametros'!$B$3)*(1-SQRT(1-2*(J10*1000000/('Parametros'!$B$5*H10*U10^2))/(0.85*'Parametros'!$B$2)))*H10*U10) -> 734.025 | S10: 4 | T10: 1 | U10: =IF(T10=1,I10-('Parametros'!$B$7+'Parametros'!$B$9+'Parametros'!$B$12/2),I10-(ROUNDUP(S10/2,0)*('Parametros'!$B$7+'Parametros'!$B$9+'Parametros'!$B$12/2)+ROUNDDOWN(S10/2,0)*('Parametros'!$B$7+'Parametros'!$B$9+'Parametros'!$B$12/2+'Parametros'!$B$12+'Parametros'!$B$10))/S10) -> 489.35 | V10: =S10*'Parametros'!$B$8 -> 796 | W10: ='Parametros'!$B$5*V10*'Parametros'!$B$3*(U10-(V10*'Parametros'!$B$3/(0.85*'Parametros'!$B$2*H10))/2)/1000000 -> 142.54333 | X10: =IF(W10>=J10,"CUMPLE","NO CUMPLE") -> CUMPLE | Y10: =MAX(MAX(1.4/'Parametros'!$B$3,0.25*SQRT('Parametros'!$B$2)/'Parametros'!$B$3)*H10*AB10,(0.85*'Parametros'!$B$2/'Parametros'!$B$3)*(1-SQRT(1-2*(L10*1000000/('Parametros'!$B$5*H10*AB10^2))/(0.85*'Parametros'!$B$2)))*H10*AB10) -> 734.025 | Z10: 4 | AA10: 1 | AB10: =IF(AA10=1,I10-('Parametros'!$B$7+'Parametros'!$B$9+'Parametros'!$B$12/2),I10-(ROUNDUP(Z10/2,0)*('Parametros'!$B$7+'Parametros'!$B$9+'Parametros'!$B$12/2)+ROUNDDOWN(Z10/2,0)*('Parametros'!$B$7+'Parametros'!$B$9+'Parametros'!$B$12/2+'Parametros'!$B$12+'Parametros'!$B$10))/Z10) -> 489.35 | AC10: =Z10*'Parametros'!$B$8 -> 796 | AD10: ='Parametros'!$B$5*AC10*'Parametros'!$B$3*(AB10-(AC10*'Parametros'!$B$3/(0.85*'Parametros'!$B$2*H10))/2)/1000000 -> 142.54333 | AE10: =IF(AD10>=L10,"CUMPLE","NO CUMPLE") -> CUMPLE | AF10: =V10*1.25*'Parametros'!$B$3*(U10-(V10*1.25*'Parametros'!$B$3/(0.85*'Parametros'!$B$2*H10))/2)/1000000 -> 196.34622 | AG10: =AC10*1.25*'Parametros'!$B$3*(AB10-(AC10*1.25*'Parametros'!$B$3/(0.85*'Parametros'!$B$2*H10))/2)/1000000 -> 196.34622 | AH10: =N10+(AF10+AG10)/D10 -> 150.11727 | AI10: =MAX(O10,AH10) -> 150.11727 | AJ10: =0.17*SQRT('Parametros'!$B$2)*H10*MIN(U10,AB10)/1000 -> 198.08886 | AK10: =MAX(AI10/'Parametros'!$B$6-AJ10,0) -> 2.067498 | AL10: =0.66*SQRT('Parametros'!$B$2)*H10*MIN(U10,AB10)/1000 -> 769.05085 | AM10: =IF(AK10<=AL10,"CUMPLE","NO CUMPLE") -> CUMPLE | AN10: Nº3 cerrado | AO10: 2 | AP10: =ROUNDDOWN(MIN(IF(BC10+BD10=0,1000000000,AO10*BB10/(BC10+BD10)),MIN(U10,AB10)/4,8*'Parametros'!$B$12,24*BA10,300,IF(AV10=0,1000000000,2*((H10-2*('Parametros'!$B$7+'Parametros'!$B$9/2))+(I10-2*('Parametros'!$B$7+'Parametros'!$B$9/2)))/8))/10,0)*10 -> 120 | AQ10: =ROUNDDOWN(MIN(IF(BC10+BD10=0,1000000000,AO10*BB10/(BC10+BD10)),IF(AK10>0.33*SQRT('Parametros'!$B$2)*H10*MIN(U10,AB10)/1000,MIN(U10,AB10)/4,MIN(U10,AB10)/2),600,IF(AV10=0,1000000000,2*((H10-2*('Parametros'!$B$7+'Parametros'!$B$9/2))+(I10-2*('Parametros'!$B$7+'Parametros'!$B$9/2)))/8))/10,0)*10 -> 240 | AR10: ='Parametros'!$B$6*(AJ10+MAX(BE10-BD10,0)*'Parametros'!$B$4*MIN(U10,AB10)/1000) -> 330.97185 | AS10: =IF(AND(ISERROR(SEARCH("referencia",AN10)),AM10="CUMPLE",AR10>=AI10),"CUMPLE","NO CUMPLE") -> CUMPLE | AT10: ='Parametros'!$B$6*0.083*SQRT('Parametros'!$B$2)*(H10*I10)^2/(2*(H10+I10))/1000000 -> 10.088783 | AU10: =IF(Q10<=AT10,"DESPRECIABLE","DISEÑAR") -> DESPRECIABLE | AV10: =IF(Q10<=AT10,0,Q10*1000000/('Parametros'!$B$6*2*0.85*(H10-2*('Parametros'!$B$7+'Parametros'!$B$9/2))*(I10-2*('Parametros'!$B$7+'Parametros'!$B$9/2))*'Parametros'!$B$4)) -> 0 | AW10: =AV10*2*((H10-2*('Parametros'!$B$7+'Parametros'!$B$9/2))+(I10-2*('Parametros'!$B$7+'Parametros'!$B$9/2)))*'Parametros'!$B$4/'Parametros'!$B$3 -> 0 | AX10: 0 | AY10: =IF(AV10=0,"DESPRECIABLE",IF(AND(ISERROR(SEARCH("referencia",AN10)),BB10/AP10>=AV10,BI10>=AW10,BH10="CUMPLE"),"CUMPLE","NO CUMPLE")) -> DESPRECIABLE | AZ10: =IF(AND(X10="CUMPLE",AE10="CUMPLE",AS10="CUMPLE",OR(AY10="CUMPLE",AY10="DESPRECIABLE"),BH10="CUMPLE",BJ10="CUMPLE"),"CUMPLE","NO CUMPLE") -> CUMPLE | BA10: 9.5 | BB10: 71 | BC10: =MAX(IF(AK10=0,0,AK10*1000/('Parametros'!$B$4*MIN(U10,AB10))),MAX(0.062*SQRT('Parametros'!$B$2)*H10/'Parametros'!$B$4,0.35*H10/'Parametros'!$B$4)) -> 0.375 | BD10: =2*AV10 -> 0 | BE10: =AO10*BB10/AP10 -> 1.1833333 | BF10: =SQRT((AI10*1000/(H10*MIN(U10,AB10)))^2+(Q10*1000000*2*((H10-2*('Parametros'!$B$7+'Parametros'!$B$9/2))+(I10-2*('Parametros'!$B$7+'Parametros'!$B$9/2)))/(1.7*((H10-2*('Parametros'!$B$7+'Parametros'!$B$9/2))*(I10-2*('Parametros'!$B$7+'Parametros'!$B$9/2)))^2))^2) -> 0.76916067 | BG10: ='Parametros'!$B$6*(AJ10*1000/(H10*MIN(U10,AB10))+0.66*SQRT('Parametros'!$B$2)) -> 3.2939604 | BH10: =IF(BF10<=BG10,"CUMPLE","NO CUMPLE") -> CUMPLE | BI10: =AX10*'Parametros'!$B$8 -> 0 | BJ10: =IF(BI10>=AW10,"CUMPLE","NO CUMPLE") -> CUMPLE
A11: VC1 | B11: 164 | C11: 1 | D11: 3.15 | E11: 3.15 | F11: 450 | G11: 550 | H11: 450 | I11: 550 | J11: 27.9591 | K11: 164 | L11: 18.2968 | M11: 164 | N11: 25.457 | O11: 61.157 | P11: 164 | Q11: 9.9233 | R11: =MAX(MAX(1.4/'Parametros'!$B$3,0.25*SQRT('Parametros'!$B$2)/'Parametros'!$B$3)*H11*U11,(0.85*'Parametros'!$B$2/'Parametros'!$B$3)*(1-SQRT(1-2*(J11*1000000/('Parametros'!$B$5*H11*U11^2))/(0.85*'Parametros'!$B$2)))*H11*U11) -> 734.025 | S11: 4 | T11: 1 | U11: =IF(T11=1,I11-('Parametros'!$B$7+'Parametros'!$B$9+'Parametros'!$B$12/2),I11-(ROUNDUP(S11/2,0)*('Parametros'!$B$7+'Parametros'!$B$9+'Parametros'!$B$12/2)+ROUNDDOWN(S11/2,0)*('Parametros'!$B$7+'Parametros'!$B$9+'Parametros'!$B$12/2+'Parametros'!$B$12+'Parametros'!$B$10))/S11) -> 489.35 | V11: =S11*'Parametros'!$B$8 -> 796 | W11: ='Parametros'!$B$5*V11*'Parametros'!$B$3*(U11-(V11*'Parametros'!$B$3/(0.85*'Parametros'!$B$2*H11))/2)/1000000 -> 142.54333 | X11: =IF(W11>=J11,"CUMPLE","NO CUMPLE") -> CUMPLE | Y11: =MAX(MAX(1.4/'Parametros'!$B$3,0.25*SQRT('Parametros'!$B$2)/'Parametros'!$B$3)*H11*AB11,(0.85*'Parametros'!$B$2/'Parametros'!$B$3)*(1-SQRT(1-2*(L11*1000000/('Parametros'!$B$5*H11*AB11^2))/(0.85*'Parametros'!$B$2)))*H11*AB11) -> 734.025 | Z11: 4 | AA11: 1 | AB11: =IF(AA11=1,I11-('Parametros'!$B$7+'Parametros'!$B$9+'Parametros'!$B$12/2),I11-(ROUNDUP(Z11/2,0)*('Parametros'!$B$7+'Parametros'!$B$9+'Parametros'!$B$12/2)+ROUNDDOWN(Z11/2,0)*('Parametros'!$B$7+'Parametros'!$B$9+'Parametros'!$B$12/2+'Parametros'!$B$12+'Parametros'!$B$10))/Z11) -> 489.35 | AC11: =Z11*'Parametros'!$B$8 -> 796 | AD11: ='Parametros'!$B$5*AC11*'Parametros'!$B$3*(AB11-(AC11*'Parametros'!$B$3/(0.85*'Parametros'!$B$2*H11))/2)/1000000 -> 142.54333 | AE11: =IF(AD11>=L11,"CUMPLE","NO CUMPLE") -> CUMPLE | AF11: =V11*1.25*'Parametros'!$B$3*(U11-(V11*1.25*'Parametros'!$B$3/(0.85*'Parametros'!$B$2*H11))/2)/1000000 -> 196.34622 | AG11: =AC11*1.25*'Parametros'!$B$3*(AB11-(AC11*1.25*'Parametros'!$B$3/(0.85*'Parametros'!$B$2*H11))/2)/1000000 -> 196.34622 | AH11: =N11+(AF11+AG11)/D11 -> 150.12127 | AI11: =MAX(O11,AH11) -> 150.12127 | AJ11: =0.17*SQRT('Parametros'!$B$2)*H11*MIN(U11,AB11)/1000 -> 198.08886 | AK11: =MAX(AI11/'Parametros'!$B$6-AJ11,0) -> 2.0728313 | AL11: =0.66*SQRT('Parametros'!$B$2)*H11*MIN(U11,AB11)/1000 -> 769.05085 | AM11: =IF(AK11<=AL11,"CUMPLE","NO CUMPLE") -> CUMPLE | AN11: Nº3 cerrado | AO11: 2 | AP11: =ROUNDDOWN(MIN(IF(BC11+BD11=0,1000000000,AO11*BB11/(BC11+BD11)),MIN(U11,AB11)/4,8*'Parametros'!$B$12,24*BA11,300,IF(AV11=0,1000000000,2*((H11-2*('Parametros'!$B$7+'Parametros'!$B$9/2))+(I11-2*('Parametros'!$B$7+'Parametros'!$B$9/2)))/8))/10,0)*10 -> 120 | AQ11: =ROUNDDOWN(MIN(IF(BC11+BD11=0,1000000000,AO11*BB11/(BC11+BD11)),IF(AK11>0.33*SQRT('Parametros'!$B$2)*H11*MIN(U11,AB11)/1000,MIN(U11,AB11)/4,MIN(U11,AB11)/2),600,IF(AV11=0,1000000000,2*((H11-2*('Parametros'!$B$7+'Parametros'!$B$9/2))+(I11-2*('Parametros'!$B$7+'Parametros'!$B$9/2)))/8))/10,0)*10 -> 240 | AR11: ='Parametros'!$B$6*(AJ11+MAX(BE11-BD11,0)*'Parametros'!$B$4*MIN(U11,AB11)/1000) -> 330.97185 | AS11: =IF(AND(ISERROR(SEARCH("referencia",AN11)),AM11="CUMPLE",AR11>=AI11),"CUMPLE","NO CUMPLE") -> CUMPLE | AT11: ='Parametros'!$B$6*0.083*SQRT('Parametros'!$B$2)*(H11*I11)^2/(2*(H11+I11))/1000000 -> 10.088783 | AU11: =IF(Q11<=AT11,"DESPRECIABLE","DISEÑAR") -> DESPRECIABLE | AV11: =IF(Q11<=AT11,0,Q11*1000000/('Parametros'!$B$6*2*0.85*(H11-2*('Parametros'!$B$7+'Parametros'!$B$9/2))*(I11-2*('Parametros'!$B$7+'Parametros'!$B$9/2))*'Parametros'!$B$4)) -> 0 | AW11: =AV11*2*((H11-2*('Parametros'!$B$7+'Parametros'!$B$9/2))+(I11-2*('Parametros'!$B$7+'Parametros'!$B$9/2)))*'Parametros'!$B$4/'Parametros'!$B$3 -> 0 | AX11: 0 | AY11: =IF(AV11=0,"DESPRECIABLE",IF(AND(ISERROR(SEARCH("referencia",AN11)),BB11/AP11>=AV11,BI11>=AW11,BH11="CUMPLE"),"CUMPLE","NO CUMPLE")) -> DESPRECIABLE | AZ11: =IF(AND(X11="CUMPLE",AE11="CUMPLE",AS11="CUMPLE",OR(AY11="CUMPLE",AY11="DESPRECIABLE"),BH11="CUMPLE",BJ11="CUMPLE"),"CUMPLE","NO CUMPLE") -> CUMPLE | BA11: 9.5 | BB11: 71 | BC11: =MAX(IF(AK11=0,0,AK11*1000/('Parametros'!$B$4*MIN(U11,AB11))),MAX(0.062*SQRT('Parametros'!$B$2)*H11/'Parametros'!$B$4,0.35*H11/'Parametros'!$B$4)) -> 0.375 | BD11: =2*AV11 -> 0 | BE11: =AO11*BB11/AP11 -> 1.1833333 | BF11: =SQRT((AI11*1000/(H11*MIN(U11,AB11)))^2+(Q11*1000000*2*((H11-2*('Parametros'!$B$7+'Parametros'!$B$9/2))+(I11-2*('Parametros'!$B$7+'Parametros'!$B$9/2)))/(1.7*((H11-2*('Parametros'!$B$7+'Parametros'!$B$9/2))*(I11-2*('Parametros'!$B$7+'Parametros'!$B$9/2)))^2))^2) -> 0.76918175 | BG11: ='Parametros'!$B$6*(AJ11*1000/(H11*MIN(U11,AB11))+0.66*SQRT('Parametros'!$B$2)) -> 3.2939604 | BH11: =IF(BF11<=BG11,"CUMPLE","NO CUMPLE") -> CUMPLE | BI11: =AX11*'Parametros'!$B$8 -> 0 | BJ11: =IF(BI11>=AW11,"CUMPLE","NO CUMPLE") -> CUMPLE
A12: VC1 | B12: 168 | C12: 1 | D12: 3.15 | E12: 3.15 | F12: 450 | G12: 550 | H12: 450 | I12: 550 | J12: 21.8882 | K12: 168 | L12: 16.8968 | M12: 168 | N12: 23.302 | O12: 46.56 | P12: 168 | Q12: 7.678 | R12: =MAX(MAX(1.4/'Parametros'!$B$3,0.25*SQRT('Parametros'!$B$2)/'Parametros'!$B$3)*H12*U12,(0.85*'Parametros'!$B$2/'Parametros'!$B$3)*(1-SQRT(1-2*(J12*1000000/('Parametros'!$B$5*H12*U12^2))/(0.85*'Parametros'!$B$2)))*H12*U12) -> 734.025 | S12: 4 | T12: 1 | U12: =IF(T12=1,I12-('Parametros'!$B$7+'Parametros'!$B$9+'Parametros'!$B$12/2),I12-(ROUNDUP(S12/2,0)*('Parametros'!$B$7+'Parametros'!$B$9+'Parametros'!$B$12/2)+ROUNDDOWN(S12/2,0)*('Parametros'!$B$7+'Parametros'!$B$9+'Parametros'!$B$12/2+'Parametros'!$B$12+'Parametros'!$B$10))/S12) -> 489.35 | V12: =S12*'Parametros'!$B$8 -> 796 | W12: ='Parametros'!$B$5*V12*'Parametros'!$B$3*(U12-(V12*'Parametros'!$B$3/(0.85*'Parametros'!$B$2*H12))/2)/1000000 -> 142.54333 | X12: =IF(W12>=J12,"CUMPLE","NO CUMPLE") -> CUMPLE | Y12: =MAX(MAX(1.4/'Parametros'!$B$3,0.25*SQRT('Parametros'!$B$2)/'Parametros'!$B$3)*H12*AB12,(0.85*'Parametros'!$B$2/'Parametros'!$B$3)*(1-SQRT(1-2*(L12*1000000/('Parametros'!$B$5*H12*AB12^2))/(0.85*'Parametros'!$B$2)))*H12*AB12) -> 734.025 | Z12: 4 | AA12: 1 | AB12: =IF(AA12=1,I12-('Parametros'!$B$7+'Parametros'!$B$9+'Parametros'!$B$12/2),I12-(ROUNDUP(Z12/2,0)*('Parametros'!$B$7+'Parametros'!$B$9+'Parametros'!$B$12/2)+ROUNDDOWN(Z12/2,0)*('Parametros'!$B$7+'Parametros'!$B$9+'Parametros'!$B$12/2+'Parametros'!$B$12+'Parametros'!$B$10))/Z12) -> 489.35 | AC12: =Z12*'Parametros'!$B$8 -> 796 | AD12: ='Parametros'!$B$5*AC12*'Parametros'!$B$3*(AB12-(AC12*'Parametros'!$B$3/(0.85*'Parametros'!$B$2*H12))/2)/1000000 -> 142.54333 | AE12: =IF(AD12>=L12,"CUMPLE","NO CUMPLE") -> CUMPLE | AF12: =V12*1.25*'Parametros'!$B$3*(U12-(V12*1.25*'Parametros'!$B$3/(0.85*'Parametros'!$B$2*H12))/2)/1000000 -> 196.34622 | AG12: =AC12*1.25*'Parametros'!$B$3*(AB12-(AC12*1.25*'Parametros'!$B$3/(0.85*'Parametros'!$B$2*H12))/2)/1000000 -> 196.34622 | AH12: =N12+(AF12+AG12)/D12 -> 147.96627 | AI12: =MAX(O12,AH12) -> 147.96627 | AJ12: =0.17*SQRT('Parametros'!$B$2)*H12*MIN(U12,AB12)/1000 -> 198.08886 | AK12: =MAX(AI12/'Parametros'!$B$6-AJ12,0) -> 0 | AL12: =0.66*SQRT('Parametros'!$B$2)*H12*MIN(U12,AB12)/1000 -> 769.05085 | AM12: =IF(AK12<=AL12,"CUMPLE","NO CUMPLE") -> CUMPLE | AN12: Nº3 cerrado | AO12: 2 | AP12: =ROUNDDOWN(MIN(IF(BC12+BD12=0,1000000000,AO12*BB12/(BC12+BD12)),MIN(U12,AB12)/4,8*'Parametros'!$B$12,24*BA12,300,IF(AV12=0,1000000000,2*((H12-2*('Parametros'!$B$7+'Parametros'!$B$9/2))+(I12-2*('Parametros'!$B$7+'Parametros'!$B$9/2)))/8))/10,0)*10 -> 120 | AQ12: =ROUNDDOWN(MIN(IF(BC12+BD12=0,1000000000,AO12*BB12/(BC12+BD12)),IF(AK12>0.33*SQRT('Parametros'!$B$2)*H12*MIN(U12,AB12)/1000,MIN(U12,AB12)/4,MIN(U12,AB12)/2),600,IF(AV12=0,1000000000,2*((H12-2*('Parametros'!$B$7+'Parametros'!$B$9/2))+(I12-2*('Parametros'!$B$7+'Parametros'!$B$9/2)))/8))/10,0)*10 -> 240 | AR12: ='Parametros'!$B$6*(AJ12+MAX(BE12-BD12,0)*'Parametros'!$B$4*MIN(U12,AB12)/1000) -> 330.97185 | AS12: =IF(AND(ISERROR(SEARCH("referencia",AN12)),AM12="CUMPLE",AR12>=AI12),"CUMPLE","NO CUMPLE") -> CUMPLE | AT12: ='Parametros'!$B$6*0.083*SQRT('Parametros'!$B$2)*(H12*I12)^2/(2*(H12+I12))/1000000 -> 10.088783 | AU12: =IF(Q12<=AT12,"DESPRECIABLE","DISEÑAR") -> DESPRECIABLE | AV12: =IF(Q12<=AT12,0,Q12*1000000/('Parametros'!$B$6*2*0.85*(H12-2*('Parametros'!$B$7+'Parametros'!$B$9/2))*(I12-2*('Parametros'!$B$7+'Parametros'!$B$9/2))*'Parametros'!$B$4)) -> 0 | AW12: =AV12*2*((H12-2*('Parametros'!$B$7+'Parametros'!$B$9/2))+(I12-2*('Parametros'!$B$7+'Parametros'!$B$9/2)))*'Parametros'!$B$4/'Parametros'!$B$3 -> 0 | AX12: 0 | AY12: =IF(AV12=0,"DESPRECIABLE",IF(AND(ISERROR(SEARCH("referencia",AN12)),BB12/AP12>=AV12,BI12>=AW12,BH12="CUMPLE"),"CUMPLE","NO CUMPLE")) -> DESPRECIABLE | AZ12: =IF(AND(X12="CUMPLE",AE12="CUMPLE",AS12="CUMPLE",OR(AY12="CUMPLE",AY12="DESPRECIABLE"),BH12="CUMPLE",BJ12="CUMPLE"),"CUMPLE","NO CUMPLE") -> CUMPLE | BA12: 9.5 | BB12: 71 | BC12: =MAX(IF(AK12=0,0,AK12*1000/('Parametros'!$B$4*MIN(U12,AB12))),MAX(0.062*SQRT('Parametros'!$B$2)*H12/'Parametros'!$B$4,0.35*H12/'Parametros'!$B$4)) -> 0.375 | BD12: =2*AV12 -> 0 | BE12: =AO12*BB12/AP12 -> 1.1833333 | BF12: =SQRT((AI12*1000/(H12*MIN(U12,AB12)))^2+(Q12*1000000*2*((H12-2*('Parametros'!$B$7+'Parametros'!$B$9/2))+(I12-2*('Parametros'!$B$7+'Parametros'!$B$9/2)))/(1.7*((H12-2*('Parametros'!$B$7+'Parametros'!$B$9/2))*(I12-2*('Parametros'!$B$7+'Parametros'!$B$9/2)))^2))^2) -> 0.72626994 | BG12: ='Parametros'!$B$6*(AJ12*1000/(H12*MIN(U12,AB12))+0.66*SQRT('Parametros'!$B$2)) -> 3.2939604 | BH12: =IF(BF12<=BG12,"CUMPLE","NO CUMPLE") -> CUMPLE | BI12: =AX12*'Parametros'!$B$8 -> 0 | BJ12: =IF(BI12>=AW12,"CUMPLE","NO CUMPLE") -> CUMPLE
A13: VC1 | B13: 169 | C13: 1 | D13: 3.15 | E13: 3.15 | F13: 450 | G13: 550 | H13: 450 | I13: 550 | J13: 21.8972 | K13: 169 | L13: 16.9012 | M13: 169 | N13: 23.306 | O13: 46.564 | P13: 169 | Q13: 7.6782 | R13: =MAX(MAX(1.4/'Parametros'!$B$3,0.25*SQRT('Parametros'!$B$2)/'Parametros'!$B$3)*H13*U13,(0.85*'Parametros'!$B$2/'Parametros'!$B$3)*(1-SQRT(1-2*(J13*1000000/('Parametros'!$B$5*H13*U13^2))/(0.85*'Parametros'!$B$2)))*H13*U13) -> 734.025 | S13: 4 | T13: 1 | U13: =IF(T13=1,I13-('Parametros'!$B$7+'Parametros'!$B$9+'Parametros'!$B$12/2),I13-(ROUNDUP(S13/2,0)*('Parametros'!$B$7+'Parametros'!$B$9+'Parametros'!$B$12/2)+ROUNDDOWN(S13/2,0)*('Parametros'!$B$7+'Parametros'!$B$9+'Parametros'!$B$12/2+'Parametros'!$B$12+'Parametros'!$B$10))/S13) -> 489.35 | V13: =S13*'Parametros'!$B$8 -> 796 | W13: ='Parametros'!$B$5*V13*'Parametros'!$B$3*(U13-(V13*'Parametros'!$B$3/(0.85*'Parametros'!$B$2*H13))/2)/1000000 -> 142.54333 | X13: =IF(W13>=J13,"CUMPLE","NO CUMPLE") -> CUMPLE | Y13: =MAX(MAX(1.4/'Parametros'!$B$3,0.25*SQRT('Parametros'!$B$2)/'Parametros'!$B$3)*H13*AB13,(0.85*'Parametros'!$B$2/'Parametros'!$B$3)*(1-SQRT(1-2*(L13*1000000/('Parametros'!$B$5*H13*AB13^2))/(0.85*'Parametros'!$B$2)))*H13*AB13) -> 734.025 | Z13: 4 | AA13: 1 | AB13: =IF(AA13=1,I13-('Parametros'!$B$7+'Parametros'!$B$9+'Parametros'!$B$12/2),I13-(ROUNDUP(Z13/2,0)*('Parametros'!$B$7+'Parametros'!$B$9+'Parametros'!$B$12/2)+ROUNDDOWN(Z13/2,0)*('Parametros'!$B$7+'Parametros'!$B$9+'Parametros'!$B$12/2+'Parametros'!$B$12+'Parametros'!$B$10))/Z13) -> 489.35 | AC13: =Z13*'Parametros'!$B$8 -> 796 | AD13: ='Parametros'!$B$5*AC13*'Parametros'!$B$3*(AB13-(AC13*'Parametros'!$B$3/(0.85*'Parametros'!$B$2*H13))/2)/1000000 -> 142.54333 | AE13: =IF(AD13>=L13,"CUMPLE","NO CUMPLE") -> CUMPLE | AF13: =V13*1.25*'Parametros'!$B$3*(U13-(V13*1.25*'Parametros'!$B$3/(0.85*'Parametros'!$B$2*H13))/2)/1000000 -> 196.34622 | AG13: =AC13*1.25*'Parametros'!$B$3*(AB13-(AC13*1.25*'Parametros'!$B$3/(0.85*'Parametros'!$B$2*H13))/2)/1000000 -> 196.34622 | AH13: =N13+(AF13+AG13)/D13 -> 147.97027 | AI13: =MAX(O13,AH13) -> 147.97027 | AJ13: =0.17*SQRT('Parametros'!$B$2)*H13*MIN(U13,AB13)/1000 -> 198.08886 | AK13: =MAX(AI13/'Parametros'!$B$6-AJ13,0) -> 0 | AL13: =0.66*SQRT('Parametros'!$B$2)*H13*MIN(U13,AB13)/1000 -> 769.05085 | AM13: =IF(AK13<=AL13,"CUMPLE","NO CUMPLE") -> CUMPLE | AN13: Nº3 cerrado | AO13: 2 | AP13: =ROUNDDOWN(MIN(IF(BC13+BD13=0,1000000000,AO13*BB13/(BC13+BD13)),MIN(U13,AB13)/4,8*'Parametros'!$B$12,24*BA13,300,IF(AV13=0,1000000000,2*((H13-2*('Parametros'!$B$7+'Parametros'!$B$9/2))+(I13-2*('Parametros'!$B$7+'Parametros'!$B$9/2)))/8))/10,0)*10 -> 120 | AQ13: =ROUNDDOWN(MIN(IF(BC13+BD13=0,1000000000,AO13*BB13/(BC13+BD13)),IF(AK13>0.33*SQRT('Parametros'!$B$2)*H13*MIN(U13,AB13)/1000,MIN(U13,AB13)/4,MIN(U13,AB13)/2),600,IF(AV13=0,1000000000,2*((H13-2*('Parametros'!$B$7+'Parametros'!$B$9/2))+(I13-2*('Parametros'!$B$7+'Parametros'!$B$9/2)))/8))/10,0)*10 -> 240 | AR13: ='Parametros'!$B$6*(AJ13+MAX(BE13-BD13,0)*'Parametros'!$B$4*MIN(U13,AB13)/1000) -> 330.97185 | AS13: =IF(AND(ISERROR(SEARCH("referencia",AN13)),AM13="CUMPLE",AR13>=AI13),"CUMPLE","NO CUMPLE") -> CUMPLE | AT13: ='Parametros'!$B$6*0.083*SQRT('Parametros'!$B$2)*(H13*I13)^2/(2*(H13+I13))/1000000 -> 10.088783 | AU13: =IF(Q13<=AT13,"DESPRECIABLE","DISEÑAR") -> DESPRECIABLE | AV13: =IF(Q13<=AT13,0,Q13*1000000/('Parametros'!$B$6*2*0.85*(H13-2*('Parametros'!$B$7+'Parametros'!$B$9/2))*(I13-2*('Parametros'!$B$7+'Parametros'!$B$9/2))*'Parametros'!$B$4)) -> 0 | AW13: =AV13*2*((H13-2*('Parametros'!$B$7+'Parametros'!$B$9/2))+(I13-2*('Parametros'!$B$7+'Parametros'!$B$9/2)))*'Parametros'!$B$4/'Parametros'!$B$3 -> 0 | AX13: 0 | AY13: =IF(AV13=0,"DESPRECIABLE",IF(AND(ISERROR(SEARCH("referencia",AN13)),BB13/AP13>=AV13,BI13>=AW13,BH13="CUMPLE"),"CUMPLE","NO CUMPLE")) -> DESPRECIABLE | AZ13: =IF(AND(X13="CUMPLE",AE13="CUMPLE",AS13="CUMPLE",OR(AY13="CUMPLE",AY13="DESPRECIABLE"),BH13="CUMPLE",BJ13="CUMPLE"),"CUMPLE","NO CUMPLE") -> CUMPLE | BA13: 9.5 | BB13: 71 | BC13: =MAX(IF(AK13=0,0,AK13*1000/('Parametros'!$B$4*MIN(U13,AB13))),MAX(0.062*SQRT('Parametros'!$B$2)*H13/'Parametros'!$B$4,0.35*H13/'Parametros'!$B$4)) -> 0.375 | BD13: =2*AV13 -> 0 | BE13: =AO13*BB13/AP13 -> 1.1833333 | BF13: =SQRT((AI13*1000/(H13*MIN(U13,AB13)))^2+(Q13*1000000*2*((H13-2*('Parametros'!$B$7+'Parametros'!$B$9/2))+(I13-2*('Parametros'!$B$7+'Parametros'!$B$9/2)))/(1.7*((H13-2*('Parametros'!$B$7+'Parametros'!$B$9/2))*(I13-2*('Parametros'!$B$7+'Parametros'!$B$9/2)))^2))^2) -> 0.72628947 | BG13: ='Parametros'!$B$6*(AJ13*1000/(H13*MIN(U13,AB13))+0.66*SQRT('Parametros'!$B$2)) -> 3.2939604 | BH13: =IF(BF13<=BG13,"CUMPLE","NO CUMPLE") -> CUMPLE | BI13: =AX13*'Parametros'!$B$8 -> 0 | BJ13: =IF(BI13>=AW13,"CUMPLE","NO CUMPLE") -> CUMPLE
A14: VC1 | B14: 173 | C14: 1 | D14: 3.15 | E14: 3.15 | F14: 450 | G14: 550 | H14: 450 | I14: 550 | J14: 12.9436 | K14: 173 | L14: 14.8503 | M14: 173 | N14: 19.647 | O14: 29.49 | P14: 173 | Q14: 5.3313 | R14: =MAX(MAX(1.4/'Parametros'!$B$3,0.25*SQRT('Parametros'!$B$2)/'Parametros'!$B$3)*H14*U14,(0.85*'Parametros'!$B$2/'Parametros'!$B$3)*(1-SQRT(1-2*(J14*1000000/('Parametros'!$B$5*H14*U14^2))/(0.85*'Parametros'!$B$2)))*H14*U14) -> 734.025 | S14: 4 | T14: 1 | U14: =IF(T14=1,I14-('Parametros'!$B$7+'Parametros'!$B$9+'Parametros'!$B$12/2),I14-(ROUNDUP(S14/2,0)*('Parametros'!$B$7+'Parametros'!$B$9+'Parametros'!$B$12/2)+ROUNDDOWN(S14/2,0)*('Parametros'!$B$7+'Parametros'!$B$9+'Parametros'!$B$12/2+'Parametros'!$B$12+'Parametros'!$B$10))/S14) -> 489.35 | V14: =S14*'Parametros'!$B$8 -> 796 | W14: ='Parametros'!$B$5*V14*'Parametros'!$B$3*(U14-(V14*'Parametros'!$B$3/(0.85*'Parametros'!$B$2*H14))/2)/1000000 -> 142.54333 | X14: =IF(W14>=J14,"CUMPLE","NO CUMPLE") -> CUMPLE | Y14: =MAX(MAX(1.4/'Parametros'!$B$3,0.25*SQRT('Parametros'!$B$2)/'Parametros'!$B$3)*H14*AB14,(0.85*'Parametros'!$B$2/'Parametros'!$B$3)*(1-SQRT(1-2*(L14*1000000/('Parametros'!$B$5*H14*AB14^2))/(0.85*'Parametros'!$B$2)))*H14*AB14) -> 734.025 | Z14: 4 | AA14: 1 | AB14: =IF(AA14=1,I14-('Parametros'!$B$7+'Parametros'!$B$9+'Parametros'!$B$12/2),I14-(ROUNDUP(Z14/2,0)*('Parametros'!$B$7+'Parametros'!$B$9+'Parametros'!$B$12/2)+ROUNDDOWN(Z14/2,0)*('Parametros'!$B$7+'Parametros'!$B$9+'Parametros'!$B$12/2+'Parametros'!$B$12+'Parametros'!$B$10))/Z14) -> 489.35 | AC14: =Z14*'Parametros'!$B$8 -> 796 | AD14: ='Parametros'!$B$5*AC14*'Parametros'!$B$3*(AB14-(AC14*'Parametros'!$B$3/(0.85*'Parametros'!$B$2*H14))/2)/1000000 -> 142.54333 | AE14: =IF(AD14>=L14,"CUMPLE","NO CUMPLE") -> CUMPLE | AF14: =V14*1.25*'Parametros'!$B$3*(U14-(V14*1.25*'Parametros'!$B$3/(0.85*'Parametros'!$B$2*H14))/2)/1000000 -> 196.34622 | AG14: =AC14*1.25*'Parametros'!$B$3*(AB14-(AC14*1.25*'Parametros'!$B$3/(0.85*'Parametros'!$B$2*H14))/2)/1000000 -> 196.34622 | AH14: =N14+(AF14+AG14)/D14 -> 144.31127 | AI14: =MAX(O14,AH14) -> 144.31127 | AJ14: =0.17*SQRT('Parametros'!$B$2)*H14*MIN(U14,AB14)/1000 -> 198.08886 | AK14: =MAX(AI14/'Parametros'!$B$6-AJ14,0) -> 0 | AL14: =0.66*SQRT('Parametros'!$B$2)*H14*MIN(U14,AB14)/1000 -> 769.05085 | AM14: =IF(AK14<=AL14,"CUMPLE","NO CUMPLE") -> CUMPLE | AN14: Nº3 cerrado | AO14: 2 | AP14: =ROUNDDOWN(MIN(IF(BC14+BD14=0,1000000000,AO14*BB14/(BC14+BD14)),MIN(U14,AB14)/4,8*'Parametros'!$B$12,24*BA14,300,IF(AV14=0,1000000000,2*((H14-2*('Parametros'!$B$7+'Parametros'!$B$9/2))+(I14-2*('Parametros'!$B$7+'Parametros'!$B$9/2)))/8))/10,0)*10 -> 120 | AQ14: =ROUNDDOWN(MIN(IF(BC14+BD14=0,1000000000,AO14*BB14/(BC14+BD14)),IF(AK14>0.33*SQRT('Parametros'!$B$2)*H14*MIN(U14,AB14)/1000,MIN(U14,AB14)/4,MIN(U14,AB14)/2),600,IF(AV14=0,1000000000,2*((H14-2*('Parametros'!$B$7+'Parametros'!$B$9/2))+(I14-2*('Parametros'!$B$7+'Parametros'!$B$9/2)))/8))/10,0)*10 -> 240 | AR14: ='Parametros'!$B$6*(AJ14+MAX(BE14-BD14,0)*'Parametros'!$B$4*MIN(U14,AB14)/1000) -> 330.97185 | AS14: =IF(AND(ISERROR(SEARCH("referencia",AN14)),AM14="CUMPLE",AR14>=AI14),"CUMPLE","NO CUMPLE") -> CUMPLE | AT14: ='Parametros'!$B$6*0.083*SQRT('Parametros'!$B$2)*(H14*I14)^2/(2*(H14+I14))/1000000 -> 10.088783 | AU14: =IF(Q14<=AT14,"DESPRECIABLE","DISEÑAR") -> DESPRECIABLE | AV14: =IF(Q14<=AT14,0,Q14*1000000/('Parametros'!$B$6*2*0.85*(H14-2*('Parametros'!$B$7+'Parametros'!$B$9/2))*(I14-2*('Parametros'!$B$7+'Parametros'!$B$9/2))*'Parametros'!$B$4)) -> 0 | AW14: =AV14*2*((H14-2*('Parametros'!$B$7+'Parametros'!$B$9/2))+(I14-2*('Parametros'!$B$7+'Parametros'!$B$9/2)))*'Parametros'!$B$4/'Parametros'!$B$3 -> 0 | AX14: 0 | AY14: =IF(AV14=0,"DESPRECIABLE",IF(AND(ISERROR(SEARCH("referencia",AN14)),BB14/AP14>=AV14,BI14>=AW14,BH14="CUMPLE"),"CUMPLE","NO CUMPLE")) -> DESPRECIABLE | AZ14: =IF(AND(X14="CUMPLE",AE14="CUMPLE",AS14="CUMPLE",OR(AY14="CUMPLE",AY14="DESPRECIABLE"),BH14="CUMPLE",BJ14="CUMPLE"),"CUMPLE","NO CUMPLE") -> CUMPLE | BA14: 9.5 | BB14: 71 | BC14: =MAX(IF(AK14=0,0,AK14*1000/('Parametros'!$B$4*MIN(U14,AB14))),MAX(0.062*SQRT('Parametros'!$B$2)*H14/'Parametros'!$B$4,0.35*H14/'Parametros'!$B$4)) -> 0.375 | BD14: =2*AV14 -> 0 | BE14: =AO14*BB14/AP14 -> 1.1833333 | BF14: =SQRT((AI14*1000/(H14*MIN(U14,AB14)))^2+(Q14*1000000*2*((H14-2*('Parametros'!$B$7+'Parametros'!$B$9/2))+(I14-2*('Parametros'!$B$7+'Parametros'!$B$9/2)))/(1.7*((H14-2*('Parametros'!$B$7+'Parametros'!$B$9/2))*(I14-2*('Parametros'!$B$7+'Parametros'!$B$9/2)))^2))^2) -> 0.68271415 | BG14: ='Parametros'!$B$6*(AJ14*1000/(H14*MIN(U14,AB14))+0.66*SQRT('Parametros'!$B$2)) -> 3.2939604 | BH14: =IF(BF14<=BG14,"CUMPLE","NO CUMPLE") -> CUMPLE | BI14: =AX14*'Parametros'!$B$8 -> 0 | BJ14: =IF(BI14>=AW14,"CUMPLE","NO CUMPLE") -> CUMPLE
A15: VC1 | B15: 174 | C15: 1 | D15: 3.15 | E15: 3.15 | F15: 450 | G15: 550 | H15: 450 | I15: 550 | J15: 12.949 | K15: 174 | L15: 14.8519 | M15: 174 | N15: 19.65 | O15: 29.493 | P15: 174 | Q15: 5.3318 | R15: =MAX(MAX(1.4/'Parametros'!$B$3,0.25*SQRT('Parametros'!$B$2)/'Parametros'!$B$3)*H15*U15,(0.85*'Parametros'!$B$2/'Parametros'!$B$3)*(1-SQRT(1-2*(J15*1000000/('Parametros'!$B$5*H15*U15^2))/(0.85*'Parametros'!$B$2)))*H15*U15) -> 734.025 | S15: 4 | T15: 1 | U15: =IF(T15=1,I15-('Parametros'!$B$7+'Parametros'!$B$9+'Parametros'!$B$12/2),I15-(ROUNDUP(S15/2,0)*('Parametros'!$B$7+'Parametros'!$B$9+'Parametros'!$B$12/2)+ROUNDDOWN(S15/2,0)*('Parametros'!$B$7+'Parametros'!$B$9+'Parametros'!$B$12/2+'Parametros'!$B$12+'Parametros'!$B$10))/S15) -> 489.35 | V15: =S15*'Parametros'!$B$8 -> 796 | W15: ='Parametros'!$B$5*V15*'Parametros'!$B$3*(U15-(V15*'Parametros'!$B$3/(0.85*'Parametros'!$B$2*H15))/2)/1000000 -> 142.54333 | X15: =IF(W15>=J15,"CUMPLE","NO CUMPLE") -> CUMPLE | Y15: =MAX(MAX(1.4/'Parametros'!$B$3,0.25*SQRT('Parametros'!$B$2)/'Parametros'!$B$3)*H15*AB15,(0.85*'Parametros'!$B$2/'Parametros'!$B$3)*(1-SQRT(1-2*(L15*1000000/('Parametros'!$B$5*H15*AB15^2))/(0.85*'Parametros'!$B$2)))*H15*AB15) -> 734.025 | Z15: 4 | AA15: 1 | AB15: =IF(AA15=1,I15-('Parametros'!$B$7+'Parametros'!$B$9+'Parametros'!$B$12/2),I15-(ROUNDUP(Z15/2,0)*('Parametros'!$B$7+'Parametros'!$B$9+'Parametros'!$B$12/2)+ROUNDDOWN(Z15/2,0)*('Parametros'!$B$7+'Parametros'!$B$9+'Parametros'!$B$12/2+'Parametros'!$B$12+'Parametros'!$B$10))/Z15) -> 489.35 | AC15: =Z15*'Parametros'!$B$8 -> 796 | AD15: ='Parametros'!$B$5*AC15*'Parametros'!$B$3*(AB15-(AC15*'Parametros'!$B$3/(0.85*'Parametros'!$B$2*H15))/2)/1000000 -> 142.54333 | AE15: =IF(AD15>=L15,"CUMPLE","NO CUMPLE") -> CUMPLE | AF15: =V15*1.25*'Parametros'!$B$3*(U15-(V15*1.25*'Parametros'!$B$3/(0.85*'Parametros'!$B$2*H15))/2)/1000000 -> 196.34622 | AG15: =AC15*1.25*'Parametros'!$B$3*(AB15-(AC15*1.25*'Parametros'!$B$3/(0.85*'Parametros'!$B$2*H15))/2)/1000000 -> 196.34622 | AH15: =N15+(AF15+AG15)/D15 -> 144.31427 | AI15: =MAX(O15,AH15) -> 144.31427 | AJ15: =0.17*SQRT('Parametros'!$B$2)*H15*MIN(U15,AB15)/1000 -> 198.08886 | AK15: =MAX(AI15/'Parametros'!$B$6-AJ15,0) -> 0 | AL15: =0.66*SQRT('Parametros'!$B$2)*H15*MIN(U15,AB15)/1000 -> 769.05085 | AM15: =IF(AK15<=AL15,"CUMPLE","NO CUMPLE") -> CUMPLE | AN15: Nº3 cerrado | AO15: 2 | AP15: =ROUNDDOWN(MIN(IF(BC15+BD15=0,1000000000,AO15*BB15/(BC15+BD15)),MIN(U15,AB15)/4,8*'Parametros'!$B$12,24*BA15,300,IF(AV15=0,1000000000,2*((H15-2*('Parametros'!$B$7+'Parametros'!$B$9/2))+(I15-2*('Parametros'!$B$7+'Parametros'!$B$9/2)))/8))/10,0)*10 -> 120 | AQ15: =ROUNDDOWN(MIN(IF(BC15+BD15=0,1000000000,AO15*BB15/(BC15+BD15)),IF(AK15>0.33*SQRT('Parametros'!$B$2)*H15*MIN(U15,AB15)/1000,MIN(U15,AB15)/4,MIN(U15,AB15)/2),600,IF(AV15=0,1000000000,2*((H15-2*('Parametros'!$B$7+'Parametros'!$B$9/2))+(I15-2*('Parametros'!$B$7+'Parametros'!$B$9/2)))/8))/10,0)*10 -> 240 | AR15: ='Parametros'!$B$6*(AJ15+MAX(BE15-BD15,0)*'Parametros'!$B$4*MIN(U15,AB15)/1000) -> 330.97185 | AS15: =IF(AND(ISERROR(SEARCH("referencia",AN15)),AM15="CUMPLE",AR15>=AI15),"CUMPLE","NO CUMPLE") -> CUMPLE | AT15: ='Parametros'!$B$6*0.083*SQRT('Parametros'!$B$2)*(H15*I15)^2/(2*(H15+I15))/1000000 -> 10.088783 | AU15: =IF(Q15<=AT15,"DESPRECIABLE","DISEÑAR") -> DESPRECIABLE | AV15: =IF(Q15<=AT15,0,Q15*1000000/('Parametros'!$B$6*2*0.85*(H15-2*('Parametros'!$B$7+'Parametros'!$B$9/2))*(I15-2*('Parametros'!$B$7+'Parametros'!$B$9/2))*'Parametros'!$B$4)) -> 0 | AW15: =AV15*2*((H15-2*('Parametros'!$B$7+'Parametros'!$B$9/2))+(I15-2*('Parametros'!$B$7+'Parametros'!$B$9/2)))*'Parametros'!$B$4/'Parametros'!$B$3 -> 0 | AX15: 0 | AY15: =IF(AV15=0,"DESPRECIABLE",IF(AND(ISERROR(SEARCH("referencia",AN15)),BB15/AP15>=AV15,BI15>=AW15,BH15="CUMPLE"),"CUMPLE","NO CUMPLE")) -> DESPRECIABLE | AZ15: =IF(AND(X15="CUMPLE",AE15="CUMPLE",AS15="CUMPLE",OR(AY15="CUMPLE",AY15="DESPRECIABLE"),BH15="CUMPLE",BJ15="CUMPLE"),"CUMPLE","NO CUMPLE") -> CUMPLE | BA15: 9.5 | BB15: 71 | BC15: =MAX(IF(AK15=0,0,AK15*1000/('Parametros'!$B$4*MIN(U15,AB15))),MAX(0.062*SQRT('Parametros'!$B$2)*H15/'Parametros'!$B$4,0.35*H15/'Parametros'!$B$4)) -> 0.375 | BD15: =2*AV15 -> 0 | BE15: =AO15*BB15/AP15 -> 1.1833333 | BF15: =SQRT((AI15*1000/(H15*MIN(U15,AB15)))^2+(Q15*1000000*2*((H15-2*('Parametros'!$B$7+'Parametros'!$B$9/2))+(I15-2*('Parametros'!$B$7+'Parametros'!$B$9/2)))/(1.7*((H15-2*('Parametros'!$B$7+'Parametros'!$B$9/2))*(I15-2*('Parametros'!$B$7+'Parametros'!$B$9/2)))^2))^2) -> 0.68273226 | BG15: ='Parametros'!$B$6*(AJ15*1000/(H15*MIN(U15,AB15))+0.66*SQRT('Parametros'!$B$2)) -> 3.2939604 | BH15: =IF(BF15<=BG15,"CUMPLE","NO CUMPLE") -> CUMPLE | BI15: =AX15*'Parametros'!$B$8 -> 0 | BJ15: =IF(BI15>=AW15,"CUMPLE","NO CUMPLE") -> CUMPLE
... A595: VRAUX | B595: 144 | C595: 1 | D595: 1.9 | E595: 1.9 | F595: 450 | G595: 550 | H595: 450 | I595: 550 | J595: 18.1238 | K595: 144 | L595: 0.471 | M595: 144 | N595: 14.718 | O595: 23.378 | P595: 144 | Q595: 11.0879 | R595: =MAX(MAX(1.4/'Parametros'!$B$3,0.25*SQRT('Parametros'!$B$2)/'Parametros'!$B$3)*H595*U595,(0.85*'Parametros'!$B$2/'Parametros'!$B$3)*(1-SQRT(1-2*(J595*1000000/('Parametros'!$B$5*H595*U595^2))/(0.85*'Parametros'!$B$2)))*H595*U595) -> 734.025 | S595: 4 | T595: 1 | U595: =IF(T595=1,I595-('Parametros'!$B$7+'Parametros'!$B$9+'Parametros'!$B$12/2),I595-(ROUNDUP(S595/2,0)*('Parametros'!$B$7+'Parametros'!$B$9+'Parametros'!$B$12/2)+ROUNDDOWN(S595/2,0)*('Parametros'!$B$7+'Parametros'!$B$9+'Parametros'!$B$12/2+'Parametros'!$B$12+'Parametros'!$B$10))/S595) -> 489.35 | V595: =S595*'Parametros'!$B$8 -> 796 | W595: ='Parametros'!$B$5*V595*'Parametros'!$B$3*(U595-(V595*'Parametros'!$B$3/(0.85*'Parametros'!$B$2*H595))/2)/1000000 -> 142.54333 | X595: =IF(W595>=J595,"CUMPLE","NO CUMPLE") -> CUMPLE | Y595: =MAX(MAX(1.4/'Parametros'!$B$3,0.25*SQRT('Parametros'!$B$2)/'Parametros'!$B$3)*H595*AB595,(0.85*'Parametros'!$B$2/'Parametros'!$B$3)*(1-SQRT(1-2*(L595*1000000/('Parametros'!$B$5*H595*AB595^2))/(0.85*'Parametros'!$B$2)))*H595*AB595) -> 734.025 | Z595: 4 | AA595: 1 | AB595: =IF(AA595=1,I595-('Parametros'!$B$7+'Parametros'!$B$9+'Parametros'!$B$12/2),I595-(ROUNDUP(Z595/2,0)*('Parametros'!$B$7+'Parametros'!$B$9+'Parametros'!$B$12/2)+ROUNDDOWN(Z595/2,0)*('Parametros'!$B$7+'Parametros'!$B$9+'Parametros'!$B$12/2+'Parametros'!$B$12+'Parametros'!$B$10))/Z595) -> 489.35 | AC595: =Z595*'Parametros'!$B$8 -> 796 | AD595: ='Parametros'!$B$5*AC595*'Parametros'!$B$3*(AB595-(AC595*'Parametros'!$B$3/(0.85*'Parametros'!$B$2*H595))/2)/1000000 -> 142.54333 | AE595: =IF(AD595>=L595,"CUMPLE","NO CUMPLE") -> CUMPLE | AF595: =V595*1.25*'Parametros'!$B$3*(U595-(V595*1.25*'Parametros'!$B$3/(0.85*'Parametros'!$B$2*H595))/2)/1000000 -> 196.34622 | AG595: =AC595*1.25*'Parametros'!$B$3*(AB595-(AC595*1.25*'Parametros'!$B$3/(0.85*'Parametros'!$B$2*H595))/2)/1000000 -> 196.34622 | AH595: =N595+(AF595+AG595)/D595 -> 221.39823 | AI595: =MAX(O595,AH595) -> 221.39823 | AJ595: =0.17*SQRT('Parametros'!$B$2)*H595*MIN(U595,AB595)/1000 -> 198.08886 | AK595: =MAX(AI595/'Parametros'!$B$6-AJ595,0) -> 97.108783 | AL595: =0.66*SQRT('Parametros'!$B$2)*H595*MIN(U595,AB595)/1000 -> 769.05085 | AM595: =IF(AK595<=AL595,"CUMPLE","NO CUMPLE") -> CUMPLE | AN595: Nº3 cerrado | AO595: 2 | AP595: =ROUNDDOWN(MIN(IF(BC595+BD595=0,1000000000,AO595*BB595/(BC595+BD595)),MIN(U595,AB595)/4,8*'Parametros'!$B$12,24*BA595,300,IF(AV595=0,1000000000,2*((H595-2*('Parametros'!$B$7+'Parametros'!$B$9/2))+(I595-2*('Parametros'!$B$7+'Parametros'!$B$9/2)))/8))/10,0)*10 -> 120 | AQ595: =ROUNDDOWN(MIN(IF(BC595+BD595=0,1000000000,AO595*BB595/(BC595+BD595)),IF(AK595>0.33*SQRT('Parametros'!$B$2)*H595*MIN(U595,AB595)/1000,MIN(U595,AB595)/4,MIN(U595,AB595)/2),600,IF(AV595=0,1000000000,2*((H595-2*('Parametros'!$B$7+'Parametros'!$B$9/2))+(I595-2*('Parametros'!$B$7+'Parametros'!$B$9/2)))/8))/10,0)*10 -> 190 | AR595: ='Parametros'!$B$6*(AJ595+MAX(BE595-BD595,0)*'Parametros'!$B$4*MIN(U595,AB595)/1000) -> 291.90434 | AS595: =IF(AND(ISERROR(SEARCH("referencia",AN595)),AM595="CUMPLE",AR595>=AI595),"CUMPLE","NO CUMPLE") -> CUMPLE | AT595: ='Parametros'!$B$6*0.083*SQRT('Parametros'!$B$2)*(H595*I595)^2/(2*(H595+I595))/1000000 -> 10.088783 | AU595: =IF(Q595<=AT595,"DESPRECIABLE","DISEÑAR") -> DISEÑAR | AV595: =IF(Q595<=AT595,0,Q595*1000000/('Parametros'!$B$6*2*0.85*(H595-2*('Parametros'!$B$7+'Parametros'!$B$9/2))*(I595-2*('Parametros'!$B$7+'Parametros'!$B$9/2))*'Parametros'!$B$4)) -> 0.12672305 | AW595: =AV595*2*((H595-2*('Parametros'!$B$7+'Parametros'!$B$9/2))+(I595-2*('Parametros'!$B$7+'Parametros'!$B$9/2)))*'Parametros'!$B$4/'Parametros'!$B$3 -> 206.45719 | AX595: 8 | AY595: =IF(AV595=0,"DESPRECIABLE",IF(AND(ISERROR(SEARCH("referencia",AN595)),BB595/AP595>=AV595,BI595>=AW595,BH595="CUMPLE"),"CUMPLE","NO CUMPLE")) -> CUMPLE | AZ595: =IF(AND(X595="CUMPLE",AE595="CUMPLE",AS595="CUMPLE",OR(AY595="CUMPLE",AY595="DESPRECIABLE"),BH595="CUMPLE",BJ595="CUMPLE"),"CUMPLE","NO CUMPLE") -> CUMPLE | BA595: 9.5 | BB595: 71 | BC595: =MAX(IF(AK595=0,0,AK595*1000/('Parametros'!$B$4*MIN(U595,AB595))),MAX(0.062*SQRT('Parametros'!$B$2)*H595/'Parametros'!$B$4,0.35*H595/'Parametros'!$B$4)) -> 0.47248675 | BD595: =2*AV595 -> 0.25344609 | BE595: =AO595*BB595/AP595 -> 1.1833333 | BF595: =SQRT((AI595*1000/(H595*MIN(U595,AB595)))^2+(Q595*1000000*2*((H595-2*('Parametros'!$B$7+'Parametros'!$B$9/2))+(I595-2*('Parametros'!$B$7+'Parametros'!$B$9/2)))/(1.7*((H595-2*('Parametros'!$B$7+'Parametros'!$B$9/2))*(I595-2*('Parametros'!$B$7+'Parametros'!$B$9/2)))^2))^2) -> 1.0813255 | BG595: ='Parametros'!$B$6*(AJ595*1000/(H595*MIN(U595,AB595))+0.66*SQRT('Parametros'!$B$2)) -> 3.2939604 | BH595: =IF(BF595<=BG595,"CUMPLE","NO CUMPLE") -> CUMPLE | BI595: =AX595*'Parametros'!$B$8 -> 1592 | BJ595: =IF(BI595>=AW595,"CUMPLE","NO CUMPLE") -> CUMPLE

Sheet Torsion demanda bruta
A1: CONTROL CONSERVADOR DE TORSIÓN — SIN REDISTRIBUCIÓN
A2: Tu diseño = máx(|T| ENVFLEX, |T| ENVCORT), sin limitar a φTcr. Los casos que exceden φTcr quedan marcados para demostrar compatibilidad y reanalizar la redistribución antes de reducir Tu.
A4: Grupo | B4: Frame | C4: Tu ENVFLEX | D4: Tu ENVCORT | E4: Tu bruto | F4: φTcr referencia | G4: Tu diseño | H4: Requiere estudio compat. | I4: Sección (mm) | J4: Estado seccional
A5: VC1 | B5: 148 | C5: 4.6669 | D5: 13.2234 | E5: 13.2234 | F5: 40.112029 | G5: 13.2234 | H5: NO | I5: 450×550 | J5: CUMPLE
A6: VC1 | B6: 149 | C6: 4.6667 | D6: 13.2232 | E6: 13.2232 | F6: 40.112029 | G6: 13.2232 | H6: NO | I6: 450×550 | J6: CUMPLE
A7: VC1 | B7: 153 | C7: 4.6668 | D7: 13.2232 | E7: 13.2232 | F7: 40.112029 | G7: 13.2232 | H7: NO | I7: 450×550 | J7: CUMPLE
A8: VC1 | B8: 154 | C8: 4.667 | D8: 13.2234 | E8: 13.2234 | F8: 40.112029 | G8: 13.2234 | H8: NO | I8: 450×550 | J8: CUMPLE
A9: VC1 | B9: 158 | C9: 4.093 | D9: 12.0746 | E9: 12.0746 | F9: 40.112029 | G9: 12.0746 | H9: NO | I9: 450×550 | J9: CUMPLE
A10: VC1 | B10: 159 | C10: 4.0931 | D10: 12.0748 | E10: 12.0748 | F10: 40.112029 | G10: 12.0748 | H10: NO | I10: 450×550 | J10: CUMPLE
A11: VC1 | B11: 163 | C11: 3.4919 | D11: 9.923 | E11: 9.923 | F11: 40.112029 | G11: 9.923 | H11: NO | I11: 450×550 | J11: CUMPLE
A12: VC1 | B12: 164 | C12: 3.4922 | D12: 9.9233 | E12: 9.9233 | F12: 40.112029 | G12: 9.9233 | H12: NO | I12: 450×550 | J12: CUMPLE
A13: VC1 | B13: 168 | C13: 3.375 | D13: 7.678 | E13: 7.678 | F13: 40.112029 | G13: 7.678 | H13: NO | I13: 450×550 | J13: CUMPLE
A14: VC1 | B14: 169 | C14: 3.3751 | D14: 7.6782 | E14: 7.6782 | F14: 40.112029 | G14: 7.6782 | H14: NO | I14: 450×550 | J14: CUMPLE
A15: VC1 | B15: 173 | C15: 2.9612 | D15: 5.3313 | E15: 5.3313 | F15: 40.112029 | G15: 5.3313 | H15: NO | I15: 450×550 | J15: CUMPLE
A16: VC1 | B16: 174 | C16: 2.9617 | D16: 5.3318 | E16: 5.3318 | F16: 40.112029 | G16: 5.3318 | H16: NO | I16: 450×550 | J16: CUMPLE
... A596: VRAUX | B596: 144 | C596: 6.5525 | D596: 11.0879 | E596: 11.0879 | F596: 40.112029 | G596: 11.0879 | H596: NO | I596: 450×550 | J596: CUMPLE

Sheet Trazabilidad frames
A1: Grupo | B1: Frame | C1: Joint I | D1: Joint J | E1: L eje-eje (m) | F1: Centroide X (m) | G1: Centroide Y (m) | H1: Nivel Z (m) | I1: Sección (mm) | J1: Nº5 sup. | K1: Nº5 inf. | L1: Nº5 torsión dedicadas | M1: Estribo | N1: Ramas | O1: s extremo (mm) | P1: s centro (mm) | Q1: Interacción V-T | R1: Estribo práctico | S1: Estado | T1: Acción requerida
A2: VC1 | B2: 148 | C2: 205 | D2: 206 | E2: 3.75 | F2: 5.875 | G2: 37.7 | H2: 3.5 | I2: 450×550 | J2: 4 | K2: 4 | L2: 8 | M2: Nº3 cerrado | N2: 2 | O2: 120 | P2: 200 | Q2: 0.25387209 | R2: SÍ | S2: CUMPLE | T2: coordinar con planta y reanálisis global
A3: VC1 | B3: 149 | C3: 206 | D3: 207 | E3: 3.75 | F3: 9.625 | G3: 37.7 | H3: 3.5 | I3: 450×550 | J3: 4 | K3: 4 | L3: 8 | M3: Nº3 cerrado | N3: 2 | O3: 120 | P3: 200 | Q3: 0.25386859 | R3: SÍ | S3: CUMPLE | T3: coordinar con planta y reanálisis global
A4: VC1 | B4: 153 | C4: 208 | D4: 209 | E4: 3.75 | F4: 5.875 | G4: -1.5 | H4: 3.5 | I4: 450×550 | J4: 4 | K4: 4 | L4: 8 | M4: Nº3 cerrado | N4: 2 | O4: 120 | P4: 200 | Q4: 0.25386972 | R4: SÍ | S4: CUMPLE | T4: coordinar con planta y reanálisis global
A5: VC1 | B5: 154 | C5: 209 | D5: 210 | E5: 3.75 | F5: 9.625 | G5: -1.5 | H5: 3.5 | I5: 450×550 | J5: 4 | K5: 4 | L5: 8 | M5: Nº3 cerrado | N5: 2 | O5: 120 | P5: 200 | Q5: 0.25387323 | R5: SÍ | S5: CUMPLE | T5: coordinar con planta y reanálisis global
A6: VC1 | B6: 158 | C6: 211 | D6: 212 | E6: 3.75 | F6: 5.875 | G6: -1.5 | H6: 6.5 | I6: 450×550 | J6: 4 | K6: 4 | L6: 8 | M6: Nº3 cerrado | N6: 2 | O6: 120 | P6: 200 | Q6: 0.24740566 | R6: SÍ | S6: CUMPLE | T6: coordinar con planta y reanálisis global
A7: VC1 | B7: 159 | C7: 212 | D7: 213 | E7: 3.75 | F7: 9.625 | G7: -1.5 | H7: 6.5 | I7: 450×550 | J7: 4 | K7: 4 | L7: 8 | M7: Nº3 cerrado | N7: 2 | O7: 120 | P7: 200 | Q7: 0.24740916 | R7: SÍ | S7: CUMPLE | T7: coordinar con planta y reanálisis global
A8: VC1 | B8: 163 | C8: 214 | D8: 215 | E8: 3.75 | F8: 5.875 | G8: -1.5 | H8: 9.5 | I8: 450×550 | J8: 4 | K8: 4 | L8: 0 | M8: Nº3 cerrado | N8: 2 | O8: 120 | P8: 240 | Q8: 0.23350635 | R8: SÍ | S8: CUMPLE | T8: coordinar con planta y reanálisis global
A9: VC1 | B9: 164 | C9: 215 | D9: 216 | E9: 3.75 | F9: 9.625 | G9: -1.5 | H9: 9.5 | I9: 450×550 | J9: 4 | K9: 4 | L9: 0 | M9: Nº3 cerrado | N9: 2 | O9: 120 | P9: 240 | Q9: 0.23351275 | R9: SÍ | S9: CUMPLE | T9: coordinar con planta y reanálisis global
A10: VC1 | B10: 168 | C10: 217 | D10: 218 | E10: 3.75 | F10: 5.875 | G10: -1.5 | H10: 12.5 | I10: 450×550 | J10: 4 | K10: 4 | L10: 0 | M10: Nº3 cerrado | N10: 2 | O10: 120 | P10: 240 | Q10: 0.22048533 | R10: SÍ | S10: CUMPLE | T10: coordinar con planta y reanálisis global
A11: VC1 | B11: 169 | C11: 218 | D11: 219 | E11: 3.75 | F11: 9.625 | G11: -1.5 | H11: 12.5 | I11: 450×550 | J11: 4 | K11: 4 | L11: 0 | M11: Nº3 cerrado | N11: 2 | O11: 120 | P11: 240 | Q11: 0.22049126 | R11: SÍ | S11: CUMPLE | T11: coordinar con planta y reanálisis global
A12: VC1 | B12: 173 | C12: 220 | D12: 221 | E12: 3.75 | F12: 5.875 | G12: -1.5 | H12: 15.5 | I12: 450×550 | J12: 4 | K12: 4 | L12: 0 | M12: Nº3 cerrado | N12: 2 | O12: 120 | P12: 240 | Q12: 0.20726241 | R12: SÍ | S12: CUMPLE | T12: coordinar con planta y reanálisis global
A13: VC1 | B13: 174 | C13: 221 | D13: 222 | E13: 3.75 | F13: 9.625 | G13: -1.5 | H13: 15.5 | I13: 450×550 | J13: 4 | K13: 4 | L13: 0 | M13: Nº3 cerrado | N13: 2 | O13: 120 | P13: 240 | Q13: 0.2072679 | R13: SÍ | S13: CUMPLE | T13: coordinar con planta y reanálisis global
... A593: VRAUX | B593: 144 | C593: 203 | D593: 204 | E593: 2.5 | F593: 10.65 | G593: 10.1 | H593: 15.5 | I593: 450×550 | J593: 4 | K593: 4 | L593: 8 | M593: Nº3 cerrado | N593: 2 | O593: 120 | P593: 190 | Q593: 0.3282752 | R593: SÍ | S593: CUMPLE | T593: coordinar con planta y reanálisis global

Sheet Auditoria y fuentes
A1: AUDITORÍA DE DATOS Y RESULTADOS
A3: Fuente SAP | B3: resultados sap.xlsx — SAP2000 v26, unidades kN, m, C
A4: Filas Element Forces - Frames | B4: 20.656
A5: Vigas incluidas en grupos | B5: 592
A6: Envolventes | B6: ENVFLEX y ENVCORT, máximos y mínimos
A7: Grupos con estado NO CUMPLE | B7: 6
A8: Vigas con estado NO CUMPLE | B8: 56
A9: Criterio de torsión | B9: Tu bruto de ambas envolventes, sin recorte automático a φTcr.
A10: Criterio de Al | B10: Barras Nº5 dedicadas, adicionales al acero requerido por flexión.
A11: Condición de emisión | B11: NO EMITIR PARA CONSTRUCCIÓN: existen incumplimientos y falta reanálisis/plantas de localización.
A12: Archivo | B12: SHA-256
A13: resultados sap.xlsx | B13: b2512557f93de5f96e4f0bccf5b9319477488b2c433c8c706e7d7b6bea1096e9
A18: Grupo | B18: N | C18: L estación mín | D18: L estación máx | E18: Frame Mu− | F18: Frame Mu+ | G18: Frame Vu | H18: Estado | I18: Sección adoptada | J18: Nota
A19: VC1 | B19: 20 | C19: 3.75 | D19: 3.75 | E19: 154 | F19: 153 | G19: 154 | H19: CUMPLE | I19: 450×550 mm | J19: Verificado, sujeto a coordinación global
A20: VC2 | B20: 40 | C20: 3.75 | D20: 4 | E20: 56 | F20: 55 | G20: 56 | H20: CUMPLE | I20: 450×550 mm | J20: Verificado, sujeto a coordinación global
A21: VC3 | B21: 40 | C21: 3.81477 | D21: 4 | E21: 60 | F21: 57 | G21: 58 | H21: CUMPLE | I21: 450×550 mm | J21: Verificado, sujeto a coordinación global
A22: VC4 | B22: 20 | C22: 3.85 | D22: 3.85 | E22: 61 | F22: 62 | G22: 61 | H22: NO CUMPLE | I22: 450×550 mm | J22: NO EMITIR: contiene frames no conformes
A23: VC5 | B23: 40 | C23: 3.85 | D23: 3.9 | E23: 84 | F23: 63 | G23: 84 | H23: NO CUMPLE | I23: 450×550 mm | J23: NO EMITIR: contiene frames no conformes
A24: VC6 | B24: 40 | C24: 3.85 | D24: 3.9 | E24: 70 | F24: 67 | G24: 70 | H24: NO CUMPLE | I24: 450×550 mm | J24: NO EMITIR: contiene frames no conformes
A25: VC7 | B25: 40 | C25: 2.65 | D25: 5.1 | E25: 74 | F25: 75 | G25: 75 | H25: NO CUMPLE | I25: 450×550 mm | J25: NO EMITIR: contiene frames no conformes
A26: VR1 | B26: 80 | C26: 2.5 | D26: 4 | E26: 254 | F26: 251 | G26: 251 | H26: CUMPLE | I26: 500×550 mm | J26: Verificado, sujeto a coordinación global
A27: VR N1 | B27: 22 | C27: 2.5 | D27: 5.5 | E27: 54 | F27: 45 | G27: 54 | H27: CUMPLE | I27: 500×550 mm | J27: Verificado, sujeto a coordinación global
A28: VR2 | B28: 140 | C28: 1.5 | D28: 4.17612 | E28: 33 | F28: 44 | G28: 11 | H28: NO CUMPLE | I28: 500×550 mm | J28: NO EMITIR: contiene frames no conformes
A29: VR3 | B29: 70 | C29: 1.5 | D29: 4 | E29: 231 | F29: 30 | G29: 30 | H29: NO CUMPLE | I29: 500×550 mm | J29: NO EMITIR: contiene frames no conformes
A30: VRAUX | B30: 40 | C30: 2.5 | D30: 2.6 | E30: 112 | F30: 109 | G30: 109 | H30: CUMPLE | I30: 450×550 mm | J30: Verificado, sujeto a coordinación global
