Workbook

Sheet Portada
A1: DISENO DE LOSA NERVADA EN UNA DIRECCION
A2: Edificio residencial - Santa Marta - Grupo 6
A3: NSR-10 (C.8.13 losa nervada, C.9.5 deflexiones, C.8.3.3 coeficientes) / ACI 318
A4: f'c = 28 MPa | fy = 420 MPa | losa aligerada en una direccion (viguetas + loseta + caseton)
A6: Hoja | B6: Contenido
A7: Geometria y Verificaciones | B7: Dimensiones de la losa nervada y verificaciones NSR-10 C.8.13 (ancho de nervio, altura, separacion, loseta).
A8: Predimensionamiento | B8: Espesor minimo por control de deflexiones segun la luz y la condicion de apoyo (C.9.5).
A9: Avaluo de Cargas | B9: Carga muerta (peso propio de la losa aligerada + acabados) y viva, para entrepiso y cubierta.
A10: Nervios Entrepiso | B10: Diseno de la vigueta (viga T) por tipo de luz: flexion +/-, cortante y refuerzo.
A11: Nervios Cubierta | B11: Idem para la cubierta (terraza social, L=5 kN/m2, gobierna).
A12: Loseta | B12: Refuerzo de retraccion y temperatura de la loseta superior.
A13: Deflexiones | B13: Verificacion del espesor adoptado frente al minimo por deflexiones.
A15: Convencion
B16: Celdas AZULES = datos de entrada (editables). El resto se calcula automaticamente con formulas.

Sheet Geometria y Verificaciones
A1: GEOMETRIA DE LA LOSA NERVADA Y VERIFICACIONES (NSR-10 C.8.13)
A2: La losa se resuelve con nervios (viguetas) en una direccion, loseta superior y aligeramiento (caseton).
A3: DATOS DE ENTRADA
A4: f'c [MPa] | B4: 28
A5: fy [MPa] | B5: 420
A6: Peso especifico concreto [kN/m3] | B6: 24
A7: Ancho de nervio bw [m] | B7: 0.15
A8: Altura total losa h [m] | B8: 0.34
A9: Espesor de loseta hf [m] | B9: 0.06
A10: Separacion entre ejes de nervios sv [m] | B10: 0.8
A11: Recubrimiento nervio [m] | B11: 0.03
A12: Barra long. nervio db [mm] (#4) | B12: 12.7
A13: Area barra #4 [mm2] | B13: 129
A15: PARAMETROS DERIVADOS
A16: Separacion libre entre nervios sl = sv - bw [m] | B16: =B10-B7 -> 0.65
A17: Altura del nervio bajo loseta h - hf [m] | B17: =B8-B9 -> 0.28
A18: Altura efectiva d = h - rec - db/2 [mm] | B18: =B8*1000-B11*1000-B12/2 -> 303.65
A19: Relacion altura/ancho de nervio h/bw | B19: =B8/B7 -> 2.2666667
A21: VERIFICACIONES NSR-10 C.8.13
A22: Requisito | B22: Valor | C22: Limite | D22: Estado
A23: Ancho de nervio bw >= 100 mm | B23: =B7*1000 -> 150 | C23: 100 | D23: =IF(B7*1000>=100,"CUMPLE","REVISAR") -> CUMPLE
A24: Altura del nervio h <= 3.5 bw | B24: =B19 -> 2.2666667 | C24: 3.5 | D24: =IF(B19<=3.5,"CUMPLE","REVISAR") -> CUMPLE
A25: Separacion libre entre nervios sl <= 750 mm | B25: =B16*1000 -> 650 | C25: 750 | D25: =IF(B16*1000<=750,"CUMPLE","REVISAR") -> CUMPLE
A26: Loseta hf >= sl/12 | B26: =B9*1000 -> 60 | C26: =B16*1000/12 -> 54.166667 | D26: =IF(B9*1000>=B16*1000/12,"CUMPLE","REVISAR") -> CUMPLE
A27: Loseta hf >= 45 mm | B27: =B9*1000 -> 60 | C27: 45 | D27: =IF(B9*1000>=45,"CUMPLE","REVISAR") -> CUMPLE
A29: Caseton (aligerante): ancho = sl y altura = h - hf. La loseta se verifica ademas a retraccion y temperatura en la hoja 'Loseta'.

Sheet Predimensionamiento
A1: PREDIMENSIONAMIENTO DEL ESPESOR POR DEFLEXIONES (NSR-10 C.9.5)
A2: h_min = L / factor segun la condicion de apoyo. Factores (elemento nervado): SA=16, 1EC=18.5, 2EC=21, Voladizo=8.
A4: Altura adoptada h [m] | B4: ='Geometria y Verificaciones'!B8 -> 0.34
A6: Tramo | B6: Luz L entre ejes [m] | C6: Condicion | D6: Factor | E6: h_min = L/factor [m] | F6: h adoptada [m] | G6: Estado
A7: T-1 | B7: 2.2 | C7: 1EC | D7: 18.5 | E7: =B7/D7 -> 0.11891892 | F7: =$B$4 -> 0.34 | G7: =IF(F7>=E7,"CUMPLE","AUMENTAR h") -> CUMPLE
A8: T-2 | B8: 3.6 | C8: 1EC | D8: 18.5 | E8: =B8/D8 -> 0.19459459 | F8: =$B$4 -> 0.34 | G8: =IF(F8>=E8,"CUMPLE","AUMENTAR h") -> CUMPLE
A9: T-3 | B9: 4.8 | C9: 1EC | D9: 18.5 | E9: =B9/D9 -> 0.25945946 | F9: =$B$4 -> 0.34 | G9: =IF(F9>=E9,"CUMPLE","AUMENTAR h") -> CUMPLE
A10: T-4 | B10: 5.15 | C10: 1EC | D10: 18.5 | E10: =B10/D10 -> 0.27837838 | F10: =$B$4 -> 0.34 | G10: =IF(F10>=E10,"CUMPLE","AUMENTAR h") -> CUMPLE
A12: Se adopta h = 0.34 m (limitada por arquitectura a 0.40 m). El mayor h_min corresponde al tramo de mayor luz; el espesor adoptado lo cubre, por lo que no es obligatorio calcular deflexiones (C.9.5.2.1).

Sheet Avaluo de Cargas
A1: AVALUO DE CARGAS DE LA LOSA ALIGERADA (kN/m2)
A2: Peso propio calculado desde la geometria; acabados y viva editables (NSR-10 Titulo B).
A4: PESO PROPIO DE LA LOSA (calculado)
A5: Loseta: gc * hf | B5: ='Geometria y Verificaciones'!B6*'Geometria y Verificaciones'!B9 -> 1.44
A6: Nervios: gc * bw * (h-hf) / sv | B6: ='Geometria y Verificaciones'!B6*'Geometria y Verificaciones'!B7*('Geometria y Verificaciones'!B8-'Geometria y Verificaciones'!B9)/'Geometria y Verificaciones'!B10 -> 1.26
A7: Caseton / aligerante [kN/m2] | B7: 0.35
A8: Peso propio total losa [kN/m2] | B8: =SUM(B5:B7) -> 3.05
A10: CARGA MUERTA ADICIONAL - ENTREPISO
A11: Acabado de piso + mortero de nivelacion | B11: 1.5
A12: Cielo raso | B12: 0.49
A13: Muros divisorios (distribuidos) | B13: 2
A14: Carga muerta total entrepiso D [kN/m2] | B14: =B8+SUM(B11:B13) -> 7.04
A15: Carga viva entrepiso (residencial) L [kN/m2] | B15: 1.8
A16: wu entrepiso = 1.2D + 1.6L [kN/m2] | B16: =1.2*B14+1.6*B15 -> 11.328
A18: CARGA MUERTA ADICIONAL - CUBIERTA
A19: Impermeabilizacion + afinado | B19: 1
A20: Cielo raso / instalaciones | B20: 0.326
A21: Carga muerta total cubierta D [kN/m2] | B21: =B8+SUM(B19:B20) -> 4.376
A22: Carga viva cubierta (terraza social) L [kN/m2] | B22: 5
A23: wu cubierta = 1.2D + 1.6L [kN/m2] | B23: =1.2*B21+1.6*B22 -> 13.2512
A25: Nota: D entrepiso ~ 7.04 y D cubierta ~ 4.38 kN/m2 segun la memoria; ajuste los renglones azules si cambian los acabados. wu es carga por m2; en el diseno del nervio se multiplica por sv (ancho aferente).

Sheet Nervios Entrepiso
A1: DISENO DE NERVIOS DE ENTREPISO (viga T)
A2: Cada nervio se analiza como viga T (loseta a compresion en M+, nervio en M-). Momentos por coeficientes C.8.3.3: M-=wu Ln^2/10 (apoyo mas exigente), M+=wu Ln^2/14; Vu=1.15 wu Ln/2. Azul = entrada.
A4: DATOS COMUNES
A5: f'c [MPa] | B5: ='Geometria y Verificaciones'!B4 -> 28
A6: fy [MPa] | B6: ='Geometria y Verificaciones'!B5 -> 420
A7: bw [mm] | B7: ='Geometria y Verificaciones'!B7*1000 -> 150
A8: h [m] | B8: ='Geometria y Verificaciones'!B8 -> 0.34
A9: hf [mm] | B9: ='Geometria y Verificaciones'!B9*1000 -> 60
A10: sv [m] | B10: ='Geometria y Verificaciones'!B10 -> 0.8
A11: d [mm] | B11: ='Geometria y Verificaciones'!B8*1000-'Geometria y Verificaciones'!B11*1000-'Geometria y Verificaciones'!B12/2 -> 303.65
A12: Ab #4 [mm2] | B12: ='Geometria y Verificaciones'!B13 -> 129
A13: As min [mm2] | B13: =MAX(0.25*SQRT('Geometria y Verificaciones'!B4)/'Geometria y Verificaciones'!B5,1.4/'Geometria y Verificaciones'!B5)*'Geometria y Verificaciones'!B7*1000*('Geometria y Verificaciones'!B8*1000-'Geometria y Verificaciones'!B11*1000-'Geometria y Verificaciones'!B12/2) -> 151.825
A14: wu por m2 [kN/m2] | B14: ='Avaluo de Cargas'!B16 -> 11.328
A15: ancho apoyo (viga) [m] | B15: 0.35
A17: IDENT | D17: GEOMETRIA (viga T) | E17: SOLICITACIONES | I17: FLEXION POSITIVA (loseta a compresion) | P17: FLEXION NEGATIVA (nervio bw) | U17: CORTANTE (viguetas: phi*1.1*Vc) | X17: DEFLEXION
A18: Tipo | B18: L ejes [m] | C18: Ln [m] | D18: bf [mm] | E18: wu nervio [kN/m] | F18: M- [kN.m] | G18: M+ [kN.m] | H18: Vu [kN] | I18: Rn+ [MPa] | J18: rho+ | K18: As+ req [mm2] | L18: a+ [mm] | M18: a<=hf? | N18: As+ dise [mm2] | O18: N #4 inf | P18: Rn- [MPa] | Q18: rho- | R18: As- req [mm2] | S18: As- dise [mm2] | T18: N #4 sup | U18: Vc [kN] | V18: phi 1.1 Vc [kN] | W18: Estribos? | X18: h>=Ln/18.5?
A19: N-1 | B19: 2.2 | C19: =B19-$B$15 -> 1.85 | D19: =MIN(C19*1000/4,$B$7+16*$B$9,$B$10*1000) -> 462.5 | E19: =$B$14*$B$10 -> 9.0624 | F19: =E19*C19^2/10 -> 3.1016064 | G19: =E19*C19^2/14 -> 2.2154331 | H19: =1.15*E19*C19/2 -> 9.640128 | I19: =G19*1000000/(0.9*D19*$B$11^2) -> 0.057724188 | J19: =(0.85*$B$5/$B$6)*(1-SQRT(1-2*I19/(0.85*$B$5))) -> 0.00013760562 | K19: =J19*D19*$B$11 -> 19.325075 | L19: =N19*$B$6/(0.85*$B$5*D19) -> 5.7930048 | M19: =IF(L19<=$B$9,"Si (T)","revisar") -> Si (T) | N19: =MAX(K19,$B$13) -> 151.825 | O19: =ROUNDUP(N19/$B$12,0) -> 2 | P19: =F19*1000000/(0.9*$B$7*$B$11^2) -> 0.24917608 | Q19: =(0.85*$B$5/$B$6)*(1-SQRT(1-2*P19/(0.85*$B$5))) -> 0.000596415 | R19: =Q19*$B$7*$B$11 -> 27.165212 | S19: =MAX(R19,$B$13) -> 151.825 | T19: =ROUNDUP(S19/$B$12,0) -> 2 | U19: =0.17*SQRT($B$5)*$B$7*$B$11/1000 -> 40.972502 | V19: =0.75*1.1*U19 -> 33.802314 | W19: =IF(H19<=V19,"No requiere","Requiere") -> No requiere | X19: =IF($B$8>=C19/18.5,"CUMPLE","REVISAR") -> CUMPLE
A20: N-2 | B20: 3.6 | C20: =B20-$B$15 -> 3.25 | D20: =MIN(C20*1000/4,$B$7+16*$B$9,$B$10*1000) -> 800 | E20: =$B$14*$B$10 -> 9.0624 | F20: =E20*C20^2/10 -> 9.57216 | G20: =E20*C20^2/14 -> 6.8372571 | H20: =1.15*E20*C20/2 -> 16.93536 | I20: =G20*1000000/(0.9*D20*$B$11^2) -> 0.10299185 | J20: =(0.85*$B$5/$B$6)*(1-SQRT(1-2*I20/(0.85*$B$5))) -> 0.00024575157 | K20: =J20*D20*$B$11 -> 59.697971 | L20: =N20*$B$6/(0.85*$B$5*D20) -> 3.3490809 | M20: =IF(L20<=$B$9,"Si (T)","revisar") -> Si (T) | N20: =MAX(K20,$B$13) -> 151.825 | O20: =ROUNDUP(N20/$B$12,0) -> 2 | P20: =F20*1000000/(0.9*$B$7*$B$11^2) -> 0.76900579 | Q20: =(0.85*$B$5/$B$6)*(1-SQRT(1-2*P20/(0.85*$B$5))) -> 0.0018615427 | R20: =Q20*$B$7*$B$11 -> 84.788616 | S20: =MAX(R20,$B$13) -> 151.825 | T20: =ROUNDUP(S20/$B$12,0) -> 2 | U20: =0.17*SQRT($B$5)*$B$7*$B$11/1000 -> 40.972502 | V20: =0.75*1.1*U20 -> 33.802314 | W20: =IF(H20<=V20,"No requiere","Requiere") -> No requiere | X20: =IF($B$8>=C20/18.5,"CUMPLE","REVISAR") -> CUMPLE
A21: N-3 | B21: 4.8 | C21: =B21-$B$15 -> 4.45 | D21: =MIN(C21*1000/4,$B$7+16*$B$9,$B$10*1000) -> 800 | E21: =$B$14*$B$10 -> 9.0624 | F21: =E21*C21^2/10 -> 17.945818 | G21: =E21*C21^2/14 -> 12.818441 | H21: =1.15*E21*C21/2 -> 23.188416 | I21: =G21*1000000/(0.9*D21*$B$11^2) -> 0.19308838 | J21: =(0.85*$B$5/$B$6)*(1-SQRT(1-2*I21/(0.85*$B$5))) -> 0.00046161443 | K21: =J21*D21*$B$11 -> 112.13538 | L21: =N21*$B$6/(0.85*$B$5*D21) -> 3.3490809 | M21: =IF(L21<=$B$9,"Si (T)","revisar") -> Si (T) | N21: =MAX(K21,$B$13) -> 151.825 | O21: =ROUNDUP(N21/$B$12,0) -> 2 | P21: =F21*1000000/(0.9*$B$7*$B$11^2) -> 1.4417266 | Q21: =(0.85*$B$5/$B$6)*(1-SQRT(1-2*P21/(0.85*$B$5))) -> 0.0035434723 | R21: =Q21*$B$7*$B$11 -> 161.39631 | S21: =MAX(R21,$B$13) -> 161.39631 | T21: =ROUNDUP(S21/$B$12,0) -> 2 | U21: =0.17*SQRT($B$5)*$B$7*$B$11/1000 -> 40.972502 | V21: =0.75*1.1*U21 -> 33.802314 | W21: =IF(H21<=V21,"No requiere","Requiere") -> No requiere | X21: =IF($B$8>=C21/18.5,"CUMPLE","REVISAR") -> CUMPLE
A22: N-4 | B22: 5.15 | C22: =B22-$B$15 -> 4.8 | D22: =MIN(C22*1000/4,$B$7+16*$B$9,$B$10*1000) -> 800 | E22: =$B$14*$B$10 -> 9.0624 | F22: =E22*C22^2/10 -> 20.87977 | G22: =E22*C22^2/14 -> 14.914121 | H22: =1.15*E22*C22/2 -> 25.012224 | I22: =G22*1000000/(0.9*D22*$B$11^2) -> 0.2246563 | J22: =(0.85*$B$5/$B$6)*(1-SQRT(1-2*I22/(0.85*$B$5))) -> 0.0005374446 | K22: =J22*D22*$B$11 -> 130.55604 | L22: =N22*$B$6/(0.85*$B$5*D22) -> 3.3490809 | M22: =IF(L22<=$B$9,"Si (T)","revisar") -> Si (T) | N22: =MAX(K22,$B$13) -> 151.825 | O22: =ROUNDUP(N22/$B$12,0) -> 2 | P22: =F22*1000000/(0.9*$B$7*$B$11^2) -> 1.6774337 | Q22: =(0.85*$B$5/$B$6)*(1-SQRT(1-2*P22/(0.85*$B$5))) -> 0.0041455255 | R22: =Q22*$B$7*$B$11 -> 188.81832 | S22: =MAX(R22,$B$13) -> 188.81832 | T22: =ROUNDUP(S22/$B$12,0) -> 2 | U22: =0.17*SQRT($B$5)*$B$7*$B$11/1000 -> 40.972502 | V22: =0.75*1.1*U22 -> 33.802314 | W22: =IF(H22<=V22,"No requiere","Requiere") -> No requiere | X22: =IF($B$8>=C22/18.5,"CUMPLE","REVISAR") -> CUMPLE
A24: El acero requerido a flexion resulta casi siempre inferior al minimo (2 #4), por lo que la cuantia minima gobierna. Como Vu <= phi 1.1 Vc, no se requieren estribos (solo de montaje). La loseta lleva malla de retraccion y temperatura (ver hoja 'Loseta').

Sheet Nervios Cubierta
A1: DISENO DE NERVIOS DE CUBIERTA - terraza social (viga T)
A2: Cada nervio se analiza como viga T (loseta a compresion en M+, nervio en M-). Momentos por coeficientes C.8.3.3: M-=wu Ln^2/10 (apoyo mas exigente), M+=wu Ln^2/14; Vu=1.15 wu Ln/2. Azul = entrada.
A4: DATOS COMUNES
A5: f'c [MPa] | B5: ='Geometria y Verificaciones'!B4 -> 28
A6: fy [MPa] | B6: ='Geometria y Verificaciones'!B5 -> 420
A7: bw [mm] | B7: ='Geometria y Verificaciones'!B7*1000 -> 150
A8: h [m] | B8: ='Geometria y Verificaciones'!B8 -> 0.34
A9: hf [mm] | B9: ='Geometria y Verificaciones'!B9*1000 -> 60
A10: sv [m] | B10: ='Geometria y Verificaciones'!B10 -> 0.8
A11: d [mm] | B11: ='Geometria y Verificaciones'!B8*1000-'Geometria y Verificaciones'!B11*1000-'Geometria y Verificaciones'!B12/2 -> 303.65
A12: Ab #4 [mm2] | B12: ='Geometria y Verificaciones'!B13 -> 129
A13: As min [mm2] | B13: =MAX(0.25*SQRT('Geometria y Verificaciones'!B4)/'Geometria y Verificaciones'!B5,1.4/'Geometria y Verificaciones'!B5)*'Geometria y Verificaciones'!B7*1000*('Geometria y Verificaciones'!B8*1000-'Geometria y Verificaciones'!B11*1000-'Geometria y Verificaciones'!B12/2) -> 151.825
A14: wu por m2 [kN/m2] | B14: ='Avaluo de Cargas'!B23 -> 13.2512
A15: ancho apoyo (viga) [m] | B15: 0.35
A17: IDENT | D17: GEOMETRIA (viga T) | E17: SOLICITACIONES | I17: FLEXION POSITIVA (loseta a compresion) | P17: FLEXION NEGATIVA (nervio bw) | U17: CORTANTE (viguetas: phi*1.1*Vc) | X17: DEFLEXION
A18: Tipo | B18: L ejes [m] | C18: Ln [m] | D18: bf [mm] | E18: wu nervio [kN/m] | F18: M- [kN.m] | G18: M+ [kN.m] | H18: Vu [kN] | I18: Rn+ [MPa] | J18: rho+ | K18: As+ req [mm2] | L18: a+ [mm] | M18: a<=hf? | N18: As+ dise [mm2] | O18: N #4 inf | P18: Rn- [MPa] | Q18: rho- | R18: As- req [mm2] | S18: As- dise [mm2] | T18: N #4 sup | U18: Vc [kN] | V18: phi 1.1 Vc [kN] | W18: Estribos? | X18: h>=Ln/18.5?
A19: N-1 | B19: 2.2 | C19: =B19-$B$15 -> 1.85 | D19: =MIN(C19*1000/4,$B$7+16*$B$9,$B$10*1000) -> 462.5 | E19: =$B$14*$B$10 -> 10.60096 | F19: =E19*C19^2/10 -> 3.6281786 | G19: =E19*C19^2/14 -> 2.5915561 | H19: =1.15*E19*C19/2 -> 11.276771 | I19: =G19*1000000/(0.9*D19*$B$11^2) -> 0.067524255 | J19: =(0.85*$B$5/$B$6)*(1-SQRT(1-2*I19/(0.85*$B$5))) -> 0.00016100075 | K19: =J19*D19*$B$11 -> 22.610644 | L19: =N19*$B$6/(0.85*$B$5*D19) -> 5.7930048 | M19: =IF(L19<=$B$9,"Si (T)","revisar") -> Si (T) | N19: =MAX(K19,$B$13) -> 151.825 | O19: =ROUNDUP(N19/$B$12,0) -> 2 | P19: =F19*1000000/(0.9*$B$7*$B$11^2) -> 0.2914797 | Q19: =(0.85*$B$5/$B$6)*(1-SQRT(1-2*P19/(0.85*$B$5))) -> 0.00069830186 | R19: =Q19*$B$7*$B$11 -> 31.805904 | S19: =MAX(R19,$B$13) -> 151.825 | T19: =ROUNDUP(S19/$B$12,0) -> 2 | U19: =0.17*SQRT($B$5)*$B$7*$B$11/1000 -> 40.972502 | V19: =0.75*1.1*U19 -> 33.802314 | W19: =IF(H19<=V19,"No requiere","Requiere") -> No requiere | X19: =IF($B$8>=C19/18.5,"CUMPLE","REVISAR") -> CUMPLE
A20: N-2 | B20: 3.6 | C20: =B20-$B$15 -> 3.25 | D20: =MIN(C20*1000/4,$B$7+16*$B$9,$B$10*1000) -> 800 | E20: =$B$14*$B$10 -> 10.60096 | F20: =E20*C20^2/10 -> 11.197264 | G20: =E20*C20^2/14 -> 7.9980457 | H20: =1.15*E20*C20/2 -> 19.810544 | I20: =G20*1000000/(0.9*D20*$B$11^2) -> 0.12047719 | J20: =(0.85*$B$5/$B$6)*(1-SQRT(1-2*I20/(0.85*$B$5))) -> 0.00028758017 | K20: =J20*D20*$B$11 -> 69.858975 | L20: =N20*$B$6/(0.85*$B$5*D20) -> 3.3490809 | M20: =IF(L20<=$B$9,"Si (T)","revisar") -> Si (T) | N20: =MAX(K20,$B$13) -> 151.825 | O20: =ROUNDUP(N20/$B$12,0) -> 2 | P20: =F20*1000000/(0.9*$B$7*$B$11^2) -> 0.89956299 | Q20: =(0.85*$B$5/$B$6)*(1-SQRT(1-2*P20/(0.85*$B$5))) -> 0.0021838997 | R20: =Q20*$B$7*$B$11 -> 99.471173 | S20: =MAX(R20,$B$13) -> 151.825 | T20: =ROUNDUP(S20/$B$12,0) -> 2 | U20: =0.17*SQRT($B$5)*$B$7*$B$11/1000 -> 40.972502 | V20: =0.75*1.1*U20 -> 33.802314 | W20: =IF(H20<=V20,"No requiere","Requiere") -> No requiere | X20: =IF($B$8>=C20/18.5,"CUMPLE","REVISAR") -> CUMPLE
A21: N-3 | B21: 4.8 | C21: =B21-$B$15 -> 4.45 | D21: =MIN(C21*1000/4,$B$7+16*$B$9,$B$10*1000) -> 800 | E21: =$B$14*$B$10 -> 10.60096 | F21: =E21*C21^2/10 -> 20.992551 | G21: =E21*C21^2/14 -> 14.994679 | H21: =1.15*E21*C21/2 -> 27.125206 | I21: =G21*1000000/(0.9*D21*$B$11^2) -> 0.22586977 | J21: =(0.85*$B$5/$B$6)*(1-SQRT(1-2*I21/(0.85*$B$5))) -> 0.00054036156 | K21: =J21*D21*$B$11 -> 131.26463 | L21: =N21*$B$6/(0.85*$B$5*D21) -> 3.3490809 | M21: =IF(L21<=$B$9,"Si (T)","revisar") -> Si (T) | N21: =MAX(K21,$B$13) -> 151.825 | O21: =ROUNDUP(N21/$B$12,0) -> 2 | P21: =F21*1000000/(0.9*$B$7*$B$11^2) -> 1.6864943 | Q21: =(0.85*$B$5/$B$6)*(1-SQRT(1-2*P21/(0.85*$B$5))) -> 0.0041688063 | R21: =Q21*$B$7*$B$11 -> 189.8787 | S21: =MAX(R21,$B$13) -> 189.8787 | T21: =ROUNDUP(S21/$B$12,0) -> 2 | U21: =0.17*SQRT($B$5)*$B$7*$B$11/1000 -> 40.972502 | V21: =0.75*1.1*U21 -> 33.802314 | W21: =IF(H21<=V21,"No requiere","Requiere") -> No requiere | X21: =IF($B$8>=C21/18.5,"CUMPLE","REVISAR") -> CUMPLE
A22: N-4 | B22: 5.15 | C22: =B22-$B$15 -> 4.8 | D22: =MIN(C22*1000/4,$B$7+16*$B$9,$B$10*1000) -> 800 | E22: =$B$14*$B$10 -> 10.60096 | F22: =E22*C22^2/10 -> 24.424612 | G22: =E22*C22^2/14 -> 17.446151 | H22: =1.15*E22*C22/2 -> 29.25865 | I22: =G22*1000000/(0.9*D22*$B$11^2) -> 0.2627971 | J22: =(0.85*$B$5/$B$6)*(1-SQRT(1-2*I22/(0.85*$B$5))) -> 0.00062920056 | K22: =J22*D22*$B$11 -> 152.8454 | L22: =N22*$B$6/(0.85*$B$5*D22) -> 3.3715897 | M22: =IF(L22<=$B$9,"Si (T)","revisar") -> Si (T) | N22: =MAX(K22,$B$13) -> 152.8454 | O22: =ROUNDUP(N22/$B$12,0) -> 2 | P22: =F22*1000000/(0.9*$B$7*$B$11^2) -> 1.9622183 | Q22: =(0.85*$B$5/$B$6)*(1-SQRT(1-2*P22/(0.85*$B$5))) -> 0.0048822711 | R22: =Q22*$B$7*$B$11 -> 222.37524 | S22: =MAX(R22,$B$13) -> 222.37524 | T22: =ROUNDUP(S22/$B$12,0) -> 2 | U22: =0.17*SQRT($B$5)*$B$7*$B$11/1000 -> 40.972502 | V22: =0.75*1.1*U22 -> 33.802314 | W22: =IF(H22<=V22,"No requiere","Requiere") -> No requiere | X22: =IF($B$8>=C22/18.5,"CUMPLE","REVISAR") -> CUMPLE
A24: El acero requerido a flexion resulta casi siempre inferior al minimo (2 #4), por lo que la cuantia minima gobierna. Como Vu <= phi 1.1 Vc, no se requieren estribos (solo de montaje). La loseta lleva malla de retraccion y temperatura (ver hoja 'Loseta').

Sheet Loseta
A1: REFUERZO DE LA LOSETA - RETRACCION Y TEMPERATURA (NSR-10 C.7.12)
A2: La loseta superior se refuerza con malla en ambas direcciones. Cuantia minima 0.0018 (fy=420).
A4: Ancho de analisis b [mm] | B4: 1000
A5: Espesor de loseta hf [mm] | B5: ='Geometria y Verificaciones'!B9*1000 -> 60
A6: Cuantia minima retraccion/temp. | B6: 0.0018
A7: As requerido = rho * b * hf [mm2/m] | B7: =B4*B6*B5 -> 108
A8: Separacion maxima = min(5 hf ; 450) [mm] | B8: =MIN(5*B5,450) -> 300
A9: Diametro de malla adoptado db [mm] (Ø6) | B9: 6
A10: Area de una barra Ab [mm2] | B10: =3.1416*B9^2/4 -> 28.2744
A11: Separacion requerida = Ab*1000/As [mm] | B11: =B10*1000/B7 -> 261.8
A12: Separacion adoptada [mm] | B12: 250
A13: Estado | B13: =IF(AND(B12<=B8,B12<=B11),"CUMPLE","REVISAR") -> CUMPLE
A15: Se adopta malla electrosoldada (o barras Ø6) @ 250 mm en ambas direcciones sobre la loseta. El refuerzo cumple la cuantia minima y la separacion maxima de la NSR-10.

Sheet Deflexiones
A1: VERIFICACION DE DEFLEXIONES (NSR-10 C.9.5.2)
A2: Si h_adoptada >= h_min por condicion de apoyo, no es obligatorio calcular deflexiones.
A4: Tramo | B4: Ln [m] | C4: Factor | D4: h_min [m] | E4: h adoptada [m] | F4: Estado
A5: =Predimensionamiento!A7 -> T-1 | B5: =Predimensionamiento!B7-'Nervios Entrepiso'!$B$15 -> 1.85 | C5: =Predimensionamiento!D7 -> 18.5 | D5: =B5/C5 -> 0.1 | E5: ='Geometria y Verificaciones'!$B$8 -> 0.34 | F5: =IF(E5>=D5,"CUMPLE","REVISAR") -> CUMPLE
A6: =Predimensionamiento!A8 -> T-2 | B6: =Predimensionamiento!B8-'Nervios Entrepiso'!$B$15 -> 3.25 | C6: =Predimensionamiento!D8 -> 18.5 | D6: =B6/C6 -> 0.17567568 | E6: ='Geometria y Verificaciones'!$B$8 -> 0.34 | F6: =IF(E6>=D6,"CUMPLE","REVISAR") -> CUMPLE
A7: =Predimensionamiento!A9 -> T-3 | B7: =Predimensionamiento!B9-'Nervios Entrepiso'!$B$15 -> 4.45 | C7: =Predimensionamiento!D9 -> 18.5 | D7: =B7/C7 -> 0.24054054 | E7: ='Geometria y Verificaciones'!$B$8 -> 0.34 | F7: =IF(E7>=D7,"CUMPLE","REVISAR") -> CUMPLE
A8: =Predimensionamiento!A10 -> T-4 | B8: =Predimensionamiento!B10-'Nervios Entrepiso'!$B$15 -> 4.8 | C8: =Predimensionamiento!D10 -> 18.5 | D8: =B8/C8 -> 0.25945946 | E8: ='Geometria y Verificaciones'!$B$8 -> 0.34 | F8: =IF(E8>=D8,"CUMPLE","REVISAR") -> CUMPLE
A10: Se usa la luz libre Ln = L ejes - ancho de apoyo. El espesor adoptado (0.34 m) supera el minimo en todos los tramos, por lo que el control de deflexiones queda satisfecho por espesor.
